分类: 📺央视频道, 名称: CCTV-1, 有效: 6, IPv4: 316, IPv6: 0, 最小延迟: 105 ms, 最高速率: 8.10 M/s, 平均速率: 3.59 M/s, 最高分辨率: 1920x1080, 平均帧率: 29.29, 视频编解码器: h264, 音频编解码器: aac
分类: 📺央视频道, 名称: CCTV-2, 有效: 5, IPv4: 255, IPv6: 0, 最小延迟: 460 ms, 最高速率: 1.05 M/s, 平均速率: 0.55 M/s, 最高分辨率: 1920x1080, 平均帧率: 25.00, 视频编解码器: h264, 音频编解码器: mp2
分类: 📺央视频道, 名称: CCTV-4, 有效: 5, IPv4: 272, IPv6: 0, 最小延迟: 147 ms, 最高速率: 6.07 M/s, 平均速率: 3.16 M/s, 最高分辨率: 1920x1080, 平均帧率: 29.17, 视频编解码器: h264, 音频编解码器: aac
分类: 📺央视频道, 名称: CCTV-5+, 有效: 5, IPv4: 201, IPv6: 0, 最小延迟: 62 ms, 最高速率: 88.67 M/s, 平均速率: 18.75 M/s, 最高分辨率: 1920x1080, 平均帧率: 25.00, 视频编解码器: h264, 音频编解码器: aac
分类: 📺央视频道, 名称: CCTV-6, 有效: 5, IPv4: 242, IPv6: 0, 最小延迟: 170 ms, 最高速率: 10.04 M/s, 平均速率: 3.79 M/s, 最高分辨率: 1920x1080, 平均帧率: 25.00, 视频编解码器: h264, 音频编解码器: mp2
分类: 📺央视频道, 名称: CCTV-5, 有效: 5, IPv4: 263, IPv6: 0, 最小延迟: 155 ms, 最高速率: 4.50 M/s, 平均速率: 2.89 M/s, 最高分辨率: 1920x1080, 平均帧率: 30.83, 视频编解码器: h264, 音频编解码器: aac
分类: 📺央视频道, 名称: CCTV-7, 有效: 5, IPv4: 235, IPv6: 0, 最小延迟: 449 ms, 最高速率: 6.51 M/s, 平均速率: 2.40 M/s, 最高分辨率: 1920x1080, 平均帧率: 33.57, 视频编解码器: h264, 音频编解码器: aac
分类: 📺央视频道, 名称: CCTV-9, 有效: 6, IPv4: 245, IPv6: 0, 最小延迟: 231 ms, 最高速率: 11.19 M/s, 平均速率: 4.41 M/s, 最高分辨率: 1920x1080, 平均帧率: 未知, 视频编解码器: 未知, 音频编解码器: 未知
分类: 📺央视频道, 名称: CCTV-8, 有效: 6, IPv4: 247, IPv6: 0, 最小延迟: 174 ms, 最高速率: 14.74 M/s, 平均速率: 5.72 M/s, 最高分辨率: 1920x1080, 平均帧率: 未知, 视频编解码器: 未知, 音频编解码器: 未知
分类: 📺央视频道, 名称: CCTV-10, 有效: 5, IPv4: 242, IPv6: 0, 最小延迟: 394 ms, 最高速率: 8.53 M/s, 平均速率: 4.50 M/s, 最高分辨率: 1920x1080, 平均帧率: 50.00, 视频编解码器: h264, 音频编解码器: mp2
分类: 📺央视频道, 名称: CCTV-11, 有效: 5, IPv4: 231, IPv6: 0, 最小延迟: 172 ms, 最高速率: 8.54 M/s, 平均速率: 3.67 M/s, 最高分辨率: 1920x1080, 平均帧率: 33.33, 视频编解码器: h264, 音频编解码器: mp2
分类: 📺央视频道, 名称: CCTV-3, 有效: 5, IPv4: 244, IPv6: 0, 最小延迟: 272 ms, 最高速率: 17.02 M/s, 平均速率: 7.98 M/s, 最高分辨率: 1920x1080, 平均帧率: 33.33, 视频编解码器: h264, 音频编解码器: aac
分类: 📺央视频道, 名称: CCTV-12, 有效: 5, IPv4: 232, IPv6: 0, 最小延迟: 171 ms, 最高速率: 18.78 M/s, 平均速率: 6.15 M/s, 最高分辨率: 1920x1080, 平均帧率: 41.67, 视频编解码器: h264, 音频编解码器: mp2
分类: 📺央视频道, 名称: CCTV-13, 有效: 5, IPv4: 246, IPv6: 0, 最小延迟: 155 ms, 最高速率: 6.41 M/s, 平均速率: 2.02 M/s, 最高分辨率: 1920x1080, 平均帧率: 25.00, 视频编解码器: h264, 音频编解码器: mp2
分类: 📺央视频道, 名称: CCTV-14, 有效: 5, IPv4: 240, IPv6: 0, 最小延迟: 284 ms, 最高速率: 6.84 M/s, 平均速率: 1.84 M/s, 最高分辨率: 1920x1080, 平均帧率: 37.50, 视频编解码器: h264, 音频编解码器: aac
分类: 📺央视频道, 名称: CCTV-15, 有效: 5, IPv4: 236, IPv6: 0, 最小延迟: 164 ms, 最高速率: 8.92 M/s, 平均速率: 5.45 M/s, 最高分辨率: 1920x1080, 平均帧率: 31.25, 视频编解码器: h264, 音频编解码器: aac
分类: 📺央视频道, 名称: CCTV-16, 有效: 6, IPv4: 151, IPv6: 0, 最小延迟: 124 ms, 最高速率: 8.89 M/s, 平均速率: 2.63 M/s, 最高分辨率: 1920x1080, 平均帧率: 50.00, 视频编解码器: h264, 音频编解码器: mp2
分类: 📺央视频道, 名称: CETV-1, 有效: 5, IPv4: 161, IPv6: 0, 最小延迟: 109 ms, 最高速率: 9.88 M/s, 平均速率: 6.24 M/s, 最高分辨率: 1920x1080, 平均帧率: 未知, 视频编解码器: 未知, 音频编解码器: 未知
分类: 📺央视频道, 名称: CCTV-17, 有效: 5, IPv4: 208, IPv6: 0, 最小延迟: 220 ms, 最高速率: 16.71 M/s, 平均速率: 6.12 M/s, 最高分辨率: 1920x1080, 平均帧率: 50.00, 视频编解码器: h264, 音频编解码器: mp2
分类: 📺央视频道, 名称: CETV-2, 有效: 5, IPv4: 83, IPv6: 0, 最小延迟: 79 ms, 最高速率: 14.65 M/s, 平均速率: 1.96 M/s, 最高分辨率: 1920x1080, 平均帧率: 25.00, 视频编解码器: h264, 音频编解码器: mp2
分类: 📺央视频道, 名称: CETV-3, 有效: 5, IPv4: 13, IPv6: 0, 最小延迟: 250 ms, 最高速率: 10.07 M/s, 平均速率: 6.88 M/s, 最高分辨率: 1920x1080, 平均帧率: 25.00, 视频编解码器: h264, 音频编解码器: aac
分类: 📺央视频道, 名称: CETV-4, 有效: 5, IPv4: 125, IPv6: 0, 最小延迟: 86 ms, 最高速率: 10.11 M/s, 平均速率: 3.96 M/s, 最高分辨率: 1920x1080, 平均帧率: 25.00, 视频编解码器: h264, 音频编解码器: aac
分类: 💰央视付费频道, 名称: 央视台球, 有效: 5, IPv4: 54, IPv6: 0, 最小延迟: 140 ms, 最高速率: 4.97 M/s, 平均速率: 1.95 M/s, 最高分辨率: 1920x1080, 平均帧率: 未知, 视频编解码器: 未知, 音频编解码器: 未知
分类: 💰央视付费频道, 名称: 风云音乐, 有效: 5, IPv4: 56, IPv6: 0, 最小延迟: 43 ms, 最高速率: 118.95 M/s, 平均速率: 41.94 M/s, 最高分辨率: 1920x1080, 平均帧率: 未知, 视频编解码器: 未知, 音频编解码器: 未知
分类: 💰央视付费频道, 名称: 第一剧场, 有效: 5, IPv4: 75, IPv6: 0, 最小延迟: 57 ms, 最高速率: 75.90 M/s, 平均速率: 39.49 M/s, 最高分辨率: 1920x1080, 平均帧率: 未知, 视频编解码器: 未知, 音频编解码器: 未知
分类: 💰央视付费频道, 名称: 女性时尚, 有效: 5, IPv4: 53, IPv6: 0, 最小延迟: 365 ms, 最高速率: 11.50 M/s, 平均速率: 6.51 M/s, 最高分辨率: 1920x1080, 平均帧率: 未知, 视频编解码器: 未知, 音频编解码器: 未知
分类: 💰央视付费频道, 名称: 风云剧场, 有效: 5, IPv4: 62, IPv6: 0, 最小延迟: 85 ms, 最高速率: 64.39 M/s, 平均速率: 20.19 M/s, 最高分辨率: 1920x1080, 平均帧率: 未知, 视频编解码器: 未知, 音频编解码器: 未知
分类: 💰央视付费频道, 名称: 怀旧剧场, 有效: 5, IPv4: 63, IPv6: 0, 最小延迟: 72 ms, 最高速率: 70.30 M/s, 平均速率: 16.52 M/s, 最高分辨率: 1920x1080, 平均帧率: 未知, 视频编解码器: 未知, 音频编解码器: 未知
分类: 💰央视付费频道, 名称: 高尔夫网球, 有效: 5, IPv4: 55, IPv6: 0, 最小延迟: 160 ms, 最高速率: 12.81 M/s, 平均速率: 5.07 M/s, 最高分辨率: 1920x1080, 平均帧率: 未知, 视频编解码器: 未知, 音频编解码器: 未知
分类: 💰央视付费频道, 名称: 电视指南, 有效: 5, IPv4: 11, IPv6: 0, 最小延迟: 295 ms, 最高速率: 12.36 M/s, 平均速率: 2.89 M/s, 最高分辨率: 1920x1080, 平均帧率: 25.00, 视频编解码器: h264, 音频编解码器: aac
分类: 💰央视付费频道, 名称: 风云足球, 有效: 5, IPv4: 51, IPv6: 0, 最小延迟: 128 ms, 最高速率: 4.43 M/s, 平均速率: 2.51 M/s, 最高分辨率: 1920x1080, 平均帧率: 未知, 视频编解码器: 未知, 音频编解码器: 未知
分类: 💰央视付费频道, 名称: 世界地理, 有效: 5, IPv4: 50, IPv6: 0, 最小延迟: 406 ms, 最高速率: 9.88 M/s, 平均速率: 8.56 M/s, 最高分辨率: 1920x1080, 平均帧率: 25.00, 视频编解码器: h264, 音频编解码器: aac
分类: 💰央视付费频道, 名称: 兵器科技, 有效: 5, IPv4: 55, IPv6: 0, 最小延迟: 156 ms, 最高速率: 15.23 M/s, 平均速率: 8.27 M/s, 最高分辨率: 1920x1080, 平均帧率: 27.50, 视频编解码器: h264, 音频编解码器: aac
分类: 📡卫视频道, 名称: 香港卫视, 有效: 1, IPv4: 9, IPv6: 0, 最小延迟: 6045 ms, 最高速率: 0.39 M/s, 平均速率: 0.39 M/s, 最高分辨率: 1280x720, 平均帧率: 未知, 视频编解码器: 未知, 音频编解码器: 未知
分类: 📡卫视频道, 名称: 广东卫视, 有效: 5, IPv4: 190, IPv6: 0, 最小延迟: 70 ms, 最高速率: 92.12 M/s, 平均速率: 25.77 M/s, 最高分辨率: 1280x720, 平均帧率: 未知, 视频编解码器: 未知, 音频编解码器: 未知
分类: 📡卫视频道, 名称: 浙江卫视, 有效: 5, IPv4: 163, IPv6: 0, 最小延迟: 75 ms, 最高速率: 11.64 M/s, 平均速率: 3.87 M/s, 最高分辨率: 1920x1080, 平均帧率: 25.00, 视频编解码器: h264, 音频编解码器: aac
分类: 📡卫视频道, 名称: 北京卫视, 有效: 5, IPv4: 224, IPv6: 0, 最小延迟: 80 ms, 最高速率: 4.03 M/s, 平均速率: 2.38 M/s, 最高分辨率: 3840x2160, 平均帧率: 50.00, 视频编解码器: hevc, 音频编解码器: ac3
分类: 💰央视付费频道, 名称: 文化精品, 有效: 6, IPv4: 46, IPv6: 0, 最小延迟: 61 ms, 最高速率: 78.99 M/s, 平均速率: 27.96 M/s, 最高分辨率: 1920x1080, 平均帧率: 未知, 视频编解码器: 未知, 音频编解码器: 未知
分类: 📡卫视频道, 名称: 湖北卫视, 有效: 5, IPv4: 174, IPv6: 0, 最小延迟: 82 ms, 最高速率: 13.21 M/s, 平均速率: 3.63 M/s, 最高分辨率: 1920x1080, 平均帧率: 33.93, 视频编解码器: h264, 音频编解码器: aac
分类: 📡卫视频道, 名称: 黑龙江卫视, 有效: 6, IPv4: 153, IPv6: 0, 最小延迟: 78 ms, 最高速率: 14.12 M/s, 平均速率: 3.22 M/s, 最高分辨率: 1920x1080, 平均帧率: 未知, 视频编解码器: 未知, 音频编解码器: 未知
分类: 📡卫视频道, 名称: 安徽卫视, 有效: 6, IPv4: 156, IPv6: 0, 最小延迟: 143 ms, 最高速率: 16.20 M/s, 平均速率: 4.65 M/s, 最高分辨率: 1920x1080, 平均帧率: 31.25, 视频编解码器: h264, 音频编解码器: aac
分类: 📡卫视频道, 名称: 湖南卫视, 有效: 5, IPv4: 215, IPv6: 0, 最小延迟: 165 ms, 最高速率: 9.94 M/s, 平均速率: 5.03 M/s, 最高分辨率: 3840x2160, 平均帧率: 25.00, 视频编解码器: h264, 音频编解码器: aac
分类: 📡卫视频道, 名称: 重庆卫视, 有效: 6, IPv4: 172, IPv6: 0, 最小延迟: 97 ms, 最高速率: 14.25 M/s, 平均速率: 4.55 M/s, 最高分辨率: 1920x1080, 平均帧率: 35.00, 视频编解码器: h264, 音频编解码器: aac
分类: 📡卫视频道, 名称: 东方卫视, 有效: 5, IPv4: 175, IPv6: 0, 最小延迟: 84 ms, 最高速率: 3.69 M/s, 平均速率: 2.00 M/s, 最高分辨率: 1920x1080, 平均帧率: 25.00, 视频编解码器: h264, 音频编解码器: aac
分类: 📡卫视频道, 名称: 东南卫视, 有效: 5, IPv4: 151, IPv6: 0, 最小延迟: 73 ms, 最高速率: 2.44 M/s, 平均速率: 1.22 M/s, 最高分辨率: 1920x1080, 平均帧率: 36.67, 视频编解码器: h264, 音频编解码器: aac
分类: 📡卫视频道, 名称: 甘肃卫视, 有效: 5, IPv4: 119, IPv6: 0, 最小延迟: 51 ms, 最高速率: 99.78 M/s, 平均速率: 33.74 M/s, 最高分辨率: 1920x1080, 平均帧率: 25.00, 视频编解码器: h264, 音频编解码器: aac
分类: 📡卫视频道, 名称: 广西卫视, 有效: 5, IPv4: 142, IPv6: 0, 最小延迟: 113 ms, 最高速率: 12.73 M/s, 平均速率: 5.01 M/s, 最高分辨率: 1920x1080, 平均帧率: 25.00, 视频编解码器: h264, 音频编解码器: aac
分类: 📡卫视频道, 名称: 贵州卫视, 有效: 5, IPv4: 150, IPv6: 0, 最小延迟: 59 ms, 最高速率: 94.55 M/s, 平均速率: 25.90 M/s, 最高分辨率: 1920x1080, 平均帧率: 25.00, 视频编解码器: h264, 音频编解码器: aac
分类: 📡卫视频道, 名称: 海南卫视, 有效: 5, IPv4: 135, IPv6: 0, 最小延迟: 60 ms, 最高速率: 84.25 M/s, 平均速率: 29.62 M/s, 最高分辨率: 1920x1080, 平均帧率: 33.33, 视频编解码器: h264, 音频编解码器: aac
分类: 📡卫视频道, 名称: 河北卫视, 有效: 5, IPv4: 157, IPv6: 0, 最小延迟: 80 ms, 最高速率: 12.04 M/s, 平均速率: 3.24 M/s, 最高分辨率: 1920x1080, 平均帧率: 未知, 视频编解码器: 未知, 音频编解码器: 未知
分类: 📡卫视频道, 名称: 河南卫视, 有效: 5, IPv4: 177, IPv6: 0, 最小延迟: 215 ms, 最高速率: 5.80 M/s, 平均速率: 1.91 M/s, 最高分辨率: 1920x1080, 平均帧率: 25.00, 视频编解码器: h264, 音频编解码器: aac
分类: 📡卫视频道, 名称: 吉林卫视, 有效: 5, IPv4: 161, IPv6: 0, 最小延迟: 83 ms, 最高速率: 9.94 M/s, 平均速率: 2.82 M/s, 最高分辨率: 1920x1080, 平均帧率: 25.00, 视频编解码器: h264, 音频编解码器: aac
分类: 📡卫视频道, 名称: 辽宁卫视, 有效: 5, IPv4: 169, IPv6: 0, 最小延迟: 142 ms, 最高速率: 4.61 M/s, 平均速率: 4.55 M/s, 最高分辨率: 1920x1080, 平均帧率: 未知, 视频编解码器: 未知, 音频编解码器: 未知
分类: 📡卫视频道, 名称: 江苏卫视, 有效: 6, IPv4: 182, IPv6: 0, 最小延迟: 95 ms, 最高速率: 3.77 M/s, 平均速率: 2.30 M/s, 最高分辨率: 1920x1080, 平均帧率: 未知, 视频编解码器: 未知, 音频编解码器: 未知
分类: 📡卫视频道, 名称: 宁夏卫视, 有效: 5, IPv4: 106, IPv6: 0, 最小延迟: 71 ms, 最高速率: 76.21 M/s, 平均速率: 41.79 M/s, 最高分辨率: 1920x1080, 平均帧率: 未知, 视频编解码器: 未知, 音频编解码器: 未知
分类: 📡卫视频道, 名称: 江西卫视, 有效: 6, IPv4: 178, IPv6: 0, 最小延迟: 53 ms, 最高速率: 102.63 M/s, 平均速率: 20.01 M/s, 最高分辨率: 1920x1080, 平均帧率: 未知, 视频编解码器: 未知, 音频编解码器: 未知
分类: 📡卫视频道, 名称: 内蒙古卫视, 有效: 5, IPv4: 89, IPv6: 0, 最小延迟: 45 ms, 最高速率: 111.54 M/s, 平均速率: 33.50 M/s, 最高分辨率: 1920x1080, 平均帧率: 25.00, 视频编解码器: h264, 音频编解码器: mp2
分类: 📡卫视频道, 名称: 青海卫视, 有效: 5, IPv4: 131, IPv6: 0, 最小延迟: 74 ms, 最高速率: 14.75 M/s, 平均速率: 3.89 M/s, 最高分辨率: 1920x1080, 平均帧率: 37.50, 视频编解码器: h264, 音频编解码器: mp2
分类: 📡卫视频道, 名称: 山东卫视, 有效: 5, IPv4: 148, IPv6: 0, 最小延迟: 81 ms, 最高速率: 14.17 M/s, 平均速率: 3.71 M/s, 最高分辨率: 1920x1080, 平均帧率: 50.00, 视频编解码器: h264, 音频编解码器: ac3
分类: 📡卫视频道, 名称: 山西卫视, 有效: 5, IPv4: 102, IPv6: 0, 最小延迟: 46 ms, 最高速率: 106.08 M/s, 平均速率: 41.18 M/s, 最高分辨率: 1920x1080, 平均帧率: 25.00, 视频编解码器: h264, 音频编解码器: mp2
分类: 📡卫视频道, 名称: 陕西卫视, 有效: 5, IPv4: 115, IPv6: 0, 最小延迟: 74 ms, 最高速率: 32.05 M/s, 平均速率: 9.25 M/s, 最高分辨率: 1920x1080, 平均帧率: 25.28, 视频编解码器: h264, 音频编解码器: mp2
分类: 📡卫视频道, 名称: 四川卫视, 有效: 5, IPv4: 190, IPv6: 0, 最小延迟: 83 ms, 最高速率: 11.78 M/s, 平均速率: 3.31 M/s, 最高分辨率: 3840x2160, 平均帧率: 25.00, 视频编解码器: h264, 音频编解码器: mp2
分类: 📡卫视频道, 名称: 三沙卫视, 有效: 6, IPv4: 81, IPv6: 0, 最小延迟: 78 ms, 最高速率: 9.30 M/s, 平均速率: 3.55 M/s, 最高分辨率: 1920x1080, 平均帧率: 未知, 视频编解码器: 未知, 音频编解码器: 未知
分类: 📡卫视频道, 名称: 深圳卫视, 有效: 5, IPv4: 157, IPv6: 0, 最小延迟: 83 ms, 最高速率: 8.92 M/s, 平均速率: 4.19 M/s, 最高分辨率: 1920x1080, 平均帧率: 25.00, 视频编解码器: h264, 音频编解码器: aac
分类: 📡卫视频道, 名称: 天津卫视, 有效: 5, IPv4: 142, IPv6: 0, 最小延迟: 76 ms, 最高速率: 1.59 M/s, 平均速率: 0.76 M/s, 最高分辨率: 1920x1080, 平均帧率: 25.00, 视频编解码器: h264, 音频编解码器: mp2
分类: 📡卫视频道, 名称: 西藏卫视, 有效: 5, IPv4: 82, IPv6: 0, 最小延迟: 61 ms, 最高速率: 77.25 M/s, 平均速率: 18.88 M/s, 最高分辨率: 1920x1080, 平均帧率: 25.00, 视频编解码器: h264, 音频编解码器: mp2
分类: 📡卫视频道, 名称: 新疆卫视, 有效: 5, IPv4: 84, IPv6: 0, 最小延迟: 52 ms, 最高速率: 92.38 M/s, 平均速率: 21.75 M/s, 最高分辨率: 1920x1080, 平均帧率: 25.00, 视频编解码器: h264, 音频编解码器: aac
分类: ☘️广东频道, 名称: 广东珠江, 有效: 6, IPv4: 50, IPv6: 0, 最小延迟: 98 ms, 最高速率: 14.45 M/s, 平均速率: 9.11 M/s, 最高分辨率: 1920x1080, 平均帧率: 25.00, 视频编解码器: h264, 音频编解码器: aac
分类: ☘️广东频道, 名称: 广东新闻, 有效: 6, IPv4: 17, IPv6: 0, 最小延迟: 103 ms, 最高速率: 9.50 M/s, 平均速率: 6.26 M/s, 最高分辨率: 1280x720, 平均帧率: 25.00, 视频编解码器: h264, 音频编解码器: aac
分类: 📡卫视频道, 名称: 云南卫视, 有效: 5, IPv4: 139, IPv6: 0, 最小延迟: 82 ms, 最高速率: 11.49 M/s, 平均速率: 4.87 M/s, 最高分辨率: 1920x1080, 平均帧率: 25.00, 视频编解码器: h264, 音频编解码器: mp2
分类: ☘️广东频道, 名称: 广东体育, 有效: 5, IPv4: 18, IPv6: 0, 最小延迟: 1025 ms, 最高速率: 3.85 M/s, 平均速率: 3.11 M/s, 最高分辨率: 1280x720, 平均帧率: 未知, 视频编解码器: 未知, 音频编解码器: 未知
分类: ☘️广东频道, 名称: 广东民生, 有效: 5, IPv4: 12, IPv6: 0, 最小延迟: 155 ms, 最高速率: 7.49 M/s, 平均速率: 4.94 M/s, 最高分辨率: 1280x720, 平均帧率: 未知, 视频编解码器: 未知, 音频编解码器: 未知
分类: ☘️广东频道, 名称: 大湾区卫视, 有效: 5, IPv4: 35, IPv6: 0, 最小延迟: 77 ms, 最高速率: 12.04 M/s, 平均速率: 6.03 M/s, 最高分辨率: 1920x1080, 平均帧率: 未知, 视频编解码器: 未知, 音频编解码器: 未知
分类: ☘️浙江频道, 名称: 浙江生活, 有效: 1, IPv4: 2, IPv6: 0, 最小延迟: 1115 ms, 最高速率: 0.51 M/s, 平均速率: 0.51 M/s, 最高分辨率: 1920x1080, 平均帧率: 25.00, 视频编解码器: h264, 音频编解码器: aac
分类: ☘️浙江频道, 名称: 浙江教育, 有效: 1, IPv4: 2, IPv6: 0, 最小延迟: 1176 ms, 最高速率: 0.39 M/s, 平均速率: 0.26 M/s, 最高分辨率: 1920x1080, 平均帧率: 25.00, 视频编解码器: h264, 音频编解码器: aac
分类: ☘️广东频道, 名称: 广州影视, 有效: 0, IPv4: 2, IPv6: 0, 最小延迟: 6004 ms, 最高速率: 0.00 M/s, 平均速率: 0.00 M/s, 最高分辨率: None, 平均帧率: 未知, 视频编解码器: 未知, 音频编解码器: 未知
分类: ☘️广东频道, 名称: 江门侨乡生活, 有效: 0, IPv4: 3, IPv6: 0, 最小延迟: 450 ms, 最高速率: 0.00 M/s, 平均速率: 0.00 M/s, 最高分辨率: None, 平均帧率: 未知, 视频编解码器: 未知, 音频编解码器: 未知
分类: ☘️浙江频道, 名称: 浙江民生, 有效: 1, IPv4: 5, IPv6: 0, 最小延迟: 1021 ms, 最高速率: 0.40 M/s, 平均速率: 0.31 M/s, 最高分辨率: 1920x1080, 平均帧率: 25.00, 视频编解码器: h264, 音频编解码器: aac
分类: ☘️广东频道, 名称: 广州竞赛, 有效: 0, IPv4: 2, IPv6: 0, 最小延迟: 6003 ms, 最高速率: 0.00 M/s, 平均速率: 0.00 M/s, 最高分辨率: None, 平均帧率: 未知, 视频编解码器: 未知, 音频编解码器: 未知
分类: ☘️浙江频道, 名称: 杭州明珠, 有效: 0, IPv4: 2, IPv6: 0, 最小延迟: -1 ms, 最高速率: 0.00 M/s, 平均速率: 0.00 M/s, 最高分辨率: None, 平均帧率: 未知, 视频编解码器: 未知, 音频编解码器: 未知
分类: ☘️广东频道, 名称: 佛山综合, 有效: 0, IPv4: 1, IPv6: 0, 最小延迟: -1 ms, 最高速率: 0.00 M/s, 平均速率: 0.00 M/s, 最高分辨率: None, 平均帧率: 未知, 视频编解码器: 未知, 音频编解码器: 未知
分类: ☘️广东频道, 名称: 汕头经济, 有效: 0, IPv4: 1, IPv6: 0, 最小延迟: -1 ms, 最高速率: 0.00 M/s, 平均速率: 0.00 M/s, 最高分辨率: None, 平均帧率: 未知, 视频编解码器: 未知, 音频编解码器: 未知
分类: ☘️广东频道, 名称: 汕头综合, 有效: 0, IPv4: 1, IPv6: 0, 最小延迟: -1 ms, 最高速率: 0.00 M/s, 平均速率: 0.00 M/s, 最高分辨率: None, 平均帧率: 未知, 视频编解码器: 未知, 音频编解码器: 未知
分类: ☘️浙江频道, 名称: 浙江新闻, 有效: 3, IPv4: 7, IPv6: 0, 最小延迟: 78 ms, 最高速率: 2.19 M/s, 平均速率: 0.92 M/s, 最高分辨率: 1920x1080, 平均帧率: 25.00, 视频编解码器: h264, 音频编解码器: aac
分类: ☘️浙江频道, 名称: 浙江钱江, 有效: 1, IPv4: 13, IPv6: 0, 最小延迟: 73 ms, 最高速率: 1.92 M/s, 平均速率: 1.92 M/s, 最高分辨率: 1920x1080, 平均帧率: 25.00, 视频编解码器: h264, 音频编解码器: aac
分类: ☘️浙江频道, 名称: 浙江经济生活, 有效: 2, IPv4: 13, IPv6: 0, 最小延迟: 84 ms, 最高速率: 1.63 M/s, 平均速率: 1.17 M/s, 最高分辨率: 1920x1080, 平均帧率: 25.00, 视频编解码器: h264, 音频编解码器: aac
分类: ☘️浙江频道, 名称: 浙江教科, 有效: 0, IPv4: 2, IPv6: 0, 最小延迟: 1057 ms, 最高速率: 0.37 M/s, 平均速率: 0.00 M/s, 最高分辨率: 1920x1080, 平均帧率: 25.00, 视频编解码器: h264, 音频编解码器: aac
分类: ☘️浙江频道, 名称: 浙江少儿, 有效: 1, IPv4: 13, IPv6: 0, 最小延迟: 73 ms, 最高速率: 2.12 M/s, 平均速率: 2.12 M/s, 最高分辨率: 1920x1080, 平均帧率: 25.00, 视频编解码器: h264, 音频编解码器: aac
分类: ☘️浙江频道, 名称: 之江纪录, 有效: 1, IPv4: 3, IPv6: 0, 最小延迟: 1091 ms, 最高速率: 0.41 M/s, 平均速率: 0.38 M/s, 最高分辨率: 1920x1080, 平均帧率: 25.00, 视频编解码器: h264, 音频编解码器: aac
分类: ☘️浙江频道, 名称: 丽水新闻, 有效: 0, IPv4: 1, IPv6: 0, 最小延迟: -1 ms, 最高速率: 0.00 M/s, 平均速率: 0.00 M/s, 最高分辨率: None, 平均帧率: 未知, 视频编解码器: 未知, 音频编解码器: 未知
分类: ☘️浙江频道, 名称: 衢州新闻综合, 有效: 0, IPv4: 1, IPv6: 0, 最小延迟: -1 ms, 最高速率: 0.00 M/s, 平均速率: 0.00 M/s, 最高分辨率: None, 平均帧率: 未知, 视频编解码器: 未知, 音频编解码器: 未知
分类: ☘️浙江频道, 名称: 温州新闻综合, 有效: 0, IPv4: 1, IPv6: 0, 最小延迟: -1 ms, 最高速率: 0.00 M/s, 平均速率: 0.00 M/s, 最高分辨率: None, 平均帧率: 未知, 视频编解码器: 未知, 音频编解码器: 未知
分类: ☘️浙江频道, 名称: 杭州西湖明珠, 有效: 0, IPv4: 2, IPv6: 0, 最小延迟: -1 ms, 最高速率: 0.00 M/s, 平均速率: 0.00 M/s, 最高分辨率: None, 平均帧率: 未知, 视频编解码器: 未知, 音频编解码器: 未知
分类: ☘️浙江频道, 名称: 湖州新闻综合, 有效: 0, IPv4: 1, IPv6: 0, 最小延迟: 1128 ms, 最高速率: 0.16 M/s, 平均速率: 0.00 M/s, 最高分辨率: 1280x720, 平均帧率: 未知, 视频编解码器: 未知, 音频编解码器: 未知
分类: ☘️浙江频道, 名称: 湖州文化娱乐, 有效: 0, IPv4: 1, IPv6: 0, 最小延迟: 1059 ms, 最高速率: 0.16 M/s, 平均速率: 0.00 M/s, 最高分辨率: 1280x720, 平均帧率: 未知, 视频编解码器: 未知, 音频编解码器: 未知
分类: ☘️浙江频道, 名称: 浙江经视, 有效: 1, IPv4: 1, IPv6: 0, 最小延迟: 1114 ms, 最高速率: 0.24 M/s, 平均速率: 0.24 M/s, 最高分辨率: 1280x720, 平均帧率: 未知, 视频编解码器: 未知, 音频编解码器: 未知
分类: ☘️浙江频道, 名称: 杭州生活, 有效: 2, IPv4: 9, IPv6: 0, 最小延迟: 121 ms, 最高速率: 1.36 M/s, 平均速率: 1.06 M/s, 最高分辨率: 1920x1080, 平均帧率: 未知, 视频编解码器: 未知, 音频编解码器: 未知
分类: ☘️浙江频道, 名称: 杭州青少, 有效: 0, IPv4: 3, IPv6: 0, 最小延迟: -1 ms, 最高速率: 0.00 M/s, 平均速率: 0.00 M/s, 最高分辨率: 1920x1080, 平均帧率: 未知, 视频编解码器: 未知, 音频编解码器: 未知
分类: ☘️浙江频道, 名称: 杭州影视, 有效: 0, IPv4: 7, IPv6: 0, 最小延迟: 499 ms, 最高速率: 0.49 M/s, 平均速率: 0.00 M/s, 最高分辨率: None, 平均帧率: 未知, 视频编解码器: 未知, 音频编解码器: 未知
分类: ☘️浙江频道, 名称: 浙江教科影院, 有效: 0, IPv4: 1, IPv6: 0, 最小延迟: 1112 ms, 最高速率: 0.23 M/s, 平均速率: 0.00 M/s, 最高分辨率: 1920x1080, 平均帧率: 未知, 视频编解码器: 未知, 音频编解码器: 未知
分类: ☘️浙江频道, 名称: 浙江数码时代, 有效: 2, IPv4: 2, IPv6: 0, 最小延迟: 1046 ms, 最高速率: 0.23 M/s, 平均速率: 0.22 M/s, 最高分辨率: 1280x720, 平均帧率: 未知, 视频编解码器: 未知, 音频编解码器: 未知
分类: ☘️浙江频道, 名称: NBTV-1, 有效: 0, IPv4: 2, IPv6: 0, 最小延迟: -1 ms, 最高速率: 0.00 M/s, 平均速率: 0.00 M/s, 最高分辨率: None, 平均帧率: 未知, 视频编解码器: 未知, 音频编解码器: 未知
分类: ☘️浙江频道, 名称: 杭州导视, 有效: 0, IPv4: 6, IPv6: 0, 最小延迟: 477 ms, 最高速率: 0.00 M/s, 平均速率: 0.00 M/s, 最高分辨率: None, 平均帧率: 未知, 视频编解码器: 未知, 音频编解码器: 未知
分类: ☘️浙江频道, 名称: NBTV-2, 有效: 0, IPv4: 2, IPv6: 0, 最小延迟: -1 ms, 最高速率: 0.00 M/s, 平均速率: 0.00 M/s, 最高分辨率: None, 平均帧率: 未知, 视频编解码器: 未知, 音频编解码器: 未知
分类: ☘️浙江频道, 名称: 浙江国际, 有效: 2, IPv4: 11, IPv6: 0, 最小延迟: 89 ms, 最高速率: 1.96 M/s, 平均速率: 1.10 M/s, 最高分辨率: 1920x1080, 平均帧率: 25.00, 视频编解码器: h264, 音频编解码器: aac
分类: ☘️浙江频道, 名称: NBTV-4, 有效: 0, IPv4: 2, IPv6: 0, 最小延迟: -1 ms, 最高速率: 0.00 M/s, 平均速率: 0.00 M/s, 最高分辨率: None, 平均帧率: 未知, 视频编解码器: 未知, 音频编解码器: 未知
分类: ☘️浙江频道, 名称: NBTV-3, 有效: 0, IPv4: 2, IPv6: 0, 最小延迟: -1 ms, 最高速率: 0.00 M/s, 平均速率: 0.00 M/s, 最高分辨率: None, 平均帧率: 未知, 视频编解码器: 未知, 音频编解码器: 未知
分类: ☘️浙江频道, 名称: 杭州综合, 有效: 1, IPv4: 9, IPv6: 0, 最小延迟: 472 ms, 最高速率: 0.78 M/s, 平均速率: 0.78 M/s, 最高分辨率: 1920x1080, 平均帧率: 未知, 视频编解码器: 未知, 音频编解码器: 未知
分类: ☘️浙江频道, 名称: 浙江留学, 有效: 0, IPv4: 2, IPv6: 0, 最小延迟: 1073 ms, 最高速率: 0.26 M/s, 平均速率: 0.00 M/s, 最高分辨率: 1920x1080, 平均帧率: 25.00, 视频编解码器: h264, 音频编解码器: aac
分类: ☘️浙江频道, 名称: 湖州公共, 有效: 1, IPv4: 1, IPv6: 0, 最小延迟: 1701 ms, 最高速率: 0.20 M/s, 平均速率: 0.20 M/s, 最高分辨率: 1280x720, 平均帧率: 25.00, 视频编解码器: h264, 音频编解码器: aac
分类: ☘️浙江频道, 名称: 浙江休闲台, 有效: 0, IPv4: 1, IPv6: 0, 最小延迟: 1104 ms, 最高速率: 0.20 M/s, 平均速率: 0.00 M/s, 最高分辨率: 1280x720, 平均帧率: 未知, 视频编解码器: 未知, 音频编解码器: 未知
分类: ☘️浙江频道, 名称: 鄞州二套, 有效: 0, IPv4: 2, IPv6: 0, 最小延迟: -1 ms, 最高速率: 0.00 M/s, 平均速率: 0.00 M/s, 最高分辨率: None, 平均帧率: 未知, 视频编解码器: 未知, 音频编解码器: 未知
分类: ☘️浙江频道, 名称: 鄞州一套, 有效: 0, IPv4: 2, IPv6: 0, 最小延迟: -1 ms, 最高速率: 0.00 M/s, 平均速率: 0.00 M/s, 最高分辨率: None, 平均帧率: 未知, 视频编解码器: 未知, 音频编解码器: 未知
分类: ☘️浙江频道, 名称: 浙江经济, 有效: 0, IPv4: 2, IPv6: 0, 最小延迟: 1005 ms, 最高速率: 0.18 M/s, 平均速率: 0.00 M/s, 最高分辨率: 1280x720, 平均帧率: 25.00, 视频编解码器: h264, 音频编解码器: aac
分类: ☘️浙江频道, 名称: 嘉兴新闻综合, 有效: 0, IPv4: 1, IPv6: 0, 最小延迟: 3876 ms, 最高速率: 0.48 M/s, 平均速率: 0.00 M/s, 最高分辨率: 1920x1080, 平均帧率: 25.00, 视频编解码器: h264, 音频编解码器: aac
分类: ☘️浙江频道, 名称: 浙江青田, 有效: 0, IPv4: 1, IPv6: 0, 最小延迟: 6680 ms, 最高速率: 0.01 M/s, 平均速率: 0.00 M/s, 最高分辨率: 1920x1080, 平均帧率: 未知, 视频编解码器: 未知, 音频编解码器: 未知
分类: ☘️浙江频道, 名称: 浙江遂昌, 有效: 0, IPv4: 1, IPv6: 0, 最小延迟: 6272 ms, 最高速率: 0.00 M/s, 平均速率: 0.00 M/s, 最高分辨率: 1920x1080, 平均帧率: 未知, 视频编解码器: 未知, 音频编解码器: 未知
分类: ☘️浙江频道, 名称: 浙江松阳, 有效: 0, IPv4: 1, IPv6: 0, 最小延迟: 6347 ms, 最高速率: 0.00 M/s, 平均速率: 0.00 M/s, 最高分辨率: 1920x1080, 平均帧率: 未知, 视频编解码器: 未知, 音频编解码器: 未知
分类: ☘️浙江频道, 名称: 浙江民生休闲, 有效: 1, IPv4: 9, IPv6: 0, 最小延迟: 97 ms, 最高速率: 1.43 M/s, 平均速率: 1.43 M/s, 最高分辨率: 1920x1080, 平均帧率: 25.00, 视频编解码器: h264, 音频编解码器: aac
分类: ☘️浙江频道, 名称: 浙江教科影视, 有效: 1, IPv4: 10, IPv6: 0, 最小延迟: 87 ms, 最高速率: 2.26 M/s, 平均速率: 2.26 M/s, 最高分辨率: 1920x1080, 平均帧率: 25.00, 视频编解码器: h264, 音频编解码器: aac
分类: ☘️浙江频道, 名称: 浙江公共新闻, 有效: 1, IPv4: 8, IPv6: 0, 最小延迟: 465 ms, 最高速率: 0.78 M/s, 平均速率: 0.57 M/s, 最高分辨率: 1920x1080, 平均帧率: 25.00, 视频编解码器: h264, 音频编解码器: aac
分类: ☘️浙江频道, 名称: 龙游生活娱乐, 有效: 0, IPv4: 3, IPv6: 0, 最小延迟: 6285 ms, 最高速率: 0.00 M/s, 平均速率: 0.00 M/s, 最高分辨率: 1280x720, 平均帧率: 未知, 视频编解码器: 未知, 音频编解码器: 未知
分类: ☘️浙江频道, 名称: 衢江新闻综合, 有效: 0, IPv4: 2, IPv6: 0, 最小延迟: 6266 ms, 最高速率: 0.02 M/s, 平均速率: 0.00 M/s, 最高分辨率: None, 平均帧率: 未知, 视频编解码器: 未知, 音频编解码器: 未知
分类: ☘️浙江频道, 名称: 绍兴电视台公共, 有效: 2, IPv4: 2, IPv6: 0, 最小延迟: 3717 ms, 最高速率: 0.21 M/s, 平均速率: 0.20 M/s, 最高分辨率: 1280x720, 平均帧率: 未知, 视频编解码器: 未知, 音频编解码器: 未知
分类: ☘️浙江频道, 名称: 诸暨新闻综合, 有效: 0, IPv4: 3, IPv6: 0, 最小延迟: 6041 ms, 最高速率: 0.02 M/s, 平均速率: 0.00 M/s, 最高分辨率: 1920x1080, 平均帧率: 未知, 视频编解码器: 未知, 音频编解码器: 未知
分类: ☘️浙江频道, 名称: 浙江龙泉, 有效: 0, IPv4: 1, IPv6: 0, 最小延迟: 6150 ms, 最高速率: 0.00 M/s, 平均速率: 0.00 M/s, 最高分辨率: None, 平均帧率: 未知, 视频编解码器: 未知, 音频编解码器: 未知
分类: ☘️浙江频道, 名称: 湖州公共民生, 有效: 0, IPv4: 1, IPv6: 0, 最小延迟: 1230 ms, 最高速率: 0.17 M/s, 平均速率: 0.00 M/s, 最高分辨率: 1280x720, 平均帧率: 未知, 视频编解码器: 未知, 音频编解码器: 未知
分类: ☘️浙江频道, 名称: 绍兴文化影院, 有效: 1, IPv4: 1, IPv6: 0, 最小延迟: 3972 ms, 最高速率: 0.21 M/s, 平均速率: 0.21 M/s, 最高分辨率: 1280x720, 平均帧率: 未知, 视频编解码器: 未知, 音频编解码器: 未知
分类: ☘️浙江频道, 名称: 遂昌综合, 有效: 0, IPv4: 1, IPv6: 0, 最小延迟: 6239 ms, 最高速率: 0.00 M/s, 平均速率: 0.00 M/s, 最高分辨率: None, 平均帧率: 未知, 视频编解码器: 未知, 音频编解码器: 未知
分类: ☘️浙江频道, 名称: 绍兴文化影视, 有效: 0, IPv4: 1, IPv6: 0, 最小延迟: 4006 ms, 最高速率: 0.20 M/s, 平均速率: 0.00 M/s, 最高分辨率: 1280x720, 平均帧率: 未知, 视频编解码器: 未知, 音频编解码器: 未知
分类: ☘️浙江频道, 名称: 象山综合, 有效: 1, IPv4: 3, IPv6: 0, 最小延迟: 1508 ms, 最高速率: 2.17 M/s, 平均速率: 2.17 M/s, 最高分辨率: 1920x1080, 平均帧率: 未知, 视频编解码器: 未知, 音频编解码器: 未知
分类: ☘️浙江频道, 名称: 绍兴公共, 有效: 0, IPv4: 2, IPv6: 0, 最小延迟: 3763 ms, 最高速率: 0.20 M/s, 平均速率: 0.00 M/s, 最高分辨率: 1280x720, 平均帧率: 未知, 视频编解码器: 未知, 音频编解码器: 未知
分类: ☘️浙江频道, 名称: 海宁新闻综合, 有效: 2, IPv4: 2, IPv6: 0, 最小延迟: 1845 ms, 最高速率: 0.37 M/s, 平均速率: 0.35 M/s, 最高分辨率: 1280x720, 平均帧率: 未知, 视频编解码器: 未知, 音频编解码器: 未知
分类: ☘️浙江频道, 名称: 绍兴新闻综合, 有效: 1, IPv4: 5, IPv6: 0, 最小延迟: 3381 ms, 最高速率: 0.21 M/s, 平均速率: 0.21 M/s, 最高分辨率: 1280x720, 平均帧率: 25.00, 视频编解码器: h264, 音频编解码器: aac
分类: ☘️浙江频道, 名称: 德清文化生活, 有效: 0, IPv4: 1, IPv6: 0, 最小延迟: -1 ms, 最高速率: 0.00 M/s, 平均速率: 0.00 M/s, 最高分辨率: None, 平均帧率: 未知, 视频编解码器: 未知, 音频编解码器: 未知
分类: ☘️浙江频道, 名称: 龙游新闻综合, 有效: 0, IPv4: 3, IPv6: 0, 最小延迟: 6057 ms, 最高速率: 0.00 M/s, 平均速率: 0.00 M/s, 最高分辨率: 1280x720, 平均帧率: 未知, 视频编解码器: 未知, 音频编解码器: 未知
分类: ☘️浙江频道, 名称: 缙云新闻综合, 有效: 0, IPv4: 1, IPv6: 0, 最小延迟: 6968 ms, 最高速率: 0.00 M/s, 平均速率: 0.00 M/s, 最高分辨率: 1280x720, 平均帧率: 未知, 视频编解码器: 未知, 音频编解码器: 未知
分类: ☘️浙江频道, 名称: 萧山生活, 有效: 0, IPv4: 4, IPv6: 0, 最小延迟: 6394 ms, 最高速率: 0.03 M/s, 平均速率: 0.00 M/s, 最高分辨率: 1280x720, 平均帧率: 未知, 视频编解码器: 未知, 音频编解码器: 未知
分类: ☘️浙江频道, 名称: 松阳综合, 有效: 0, IPv4: 1, IPv6: 0, 最小延迟: 6115 ms, 最高速率: 0.01 M/s, 平均速率: 0.00 M/s, 最高分辨率: 1920x1080, 平均帧率: 未知, 视频编解码器: 未知, 音频编解码器: 未知
分类: ☘️浙江频道, 名称: 文成新闻综合, 有效: 0, IPv4: 1, IPv6: 0, 最小延迟: 6511 ms, 最高速率: 0.04 M/s, 平均速率: 0.00 M/s, 最高分辨率: 1280x720, 平均帧率: 未知, 视频编解码器: 未知, 音频编解码器: 未知
分类: ☘️浙江频道, 名称: 缙云综合, 有效: 0, IPv4: 2, IPv6: 0, 最小延迟: 6029 ms, 最高速率: 0.00 M/s, 平均速率: 0.00 M/s, 最高分辨率: 1280x720, 平均帧率: 未知, 视频编解码器: 未知, 音频编解码器: 未知
分类: ☘️浙江频道, 名称: 文成综合, 有效: 0, IPv4: 2, IPv6: 0, 最小延迟: 6043 ms, 最高速率: 0.00 M/s, 平均速率: 0.00 M/s, 最高分辨率: 1280x720, 平均帧率: 未知, 视频编解码器: 未知, 音频编解码器: 未知
分类: ☘️浙江频道, 名称: 海盐新闻, 有效: 0, IPv4: 1, IPv6: 0, 最小延迟: -1 ms, 最高速率: 0.00 M/s, 平均速率: 0.00 M/s, 最高分辨率: None, 平均帧率: 未知, 视频编解码器: 未知, 音频编解码器: 未知
分类: ☘️浙江频道, 名称: 萧山新闻综合, 有效: 0, IPv4: 4, IPv6: 0, 最小延迟: 6195 ms, 最高速率: 0.02 M/s, 平均速率: 0.00 M/s, 最高分辨率: None, 平均帧率: 未知, 视频编解码器: 未知, 音频编解码器: 未知
分类: ☘️浙江频道, 名称: 普陀新闻综合, 有效: 0, IPv4: 1, IPv6: 0, 最小延迟: 6719 ms, 最高速率: 0.00 M/s, 平均速率: 0.00 M/s, 最高分辨率: 1280x720, 平均帧率: 未知, 视频编解码器: 未知, 音频编解码器: 未知
分类: ☘️浙江频道, 名称: 永嘉新闻综合, 有效: 0, IPv4: 2, IPv6: 0, 最小延迟: 6779 ms, 最高速率: 0.00 M/s, 平均速率: 0.00 M/s, 最高分辨率: None, 平均帧率: 未知, 视频编解码器: 未知, 音频编解码器: 未知
分类: ☘️浙江频道, 名称: 新昌新闻综合, 有效: 0, IPv4: 1, IPv6: 0, 最小延迟: -1 ms, 最高速率: 0.00 M/s, 平均速率: 0.00 M/s, 最高分辨率: None, 平均帧率: 未知, 视频编解码器: 未知, 音频编解码器: 未知
分类: ☘️浙江频道, 名称: 新昌生活, 有效: 0, IPv4: 1, IPv6: 0, 最小延迟: 6042 ms, 最高速率: 0.00 M/s, 平均速率: 0.00 M/s, 最高分辨率: 1920x1080, 平均帧率: 未知, 视频编解码器: 未知, 音频编解码器: 未知
分类: ☘️浙江频道, 名称: 苍南新闻综合, 有效: 0, IPv4: 3, IPv6: 0, 最小延迟: 6061 ms, 最高速率: 0.00 M/s, 平均速率: 0.00 M/s, 最高分辨率: None, 平均帧率: 未知, 视频编解码器: 未知, 音频编解码器: 未知
分类: ☘️浙江频道, 名称: 武义新闻综合, 有效: 0, IPv4: 3, IPv6: 0, 最小延迟: 6147 ms, 最高速率: 0.00 M/s, 平均速率: 0.00 M/s, 最高分辨率: None, 平均帧率: 未知, 视频编解码器: 未知, 音频编解码器: 未知
分类: ☘️浙江频道, 名称: 洞头综合, 有效: 0, IPv4: 2, IPv6: 0, 最小延迟: 614 ms, 最高速率: 0.00 M/s, 平均速率: 0.00 M/s, 最高分辨率: None, 平均帧率: 未知, 视频编解码器: 未知, 音频编解码器: 未知
分类: ☘️浙江频道, 名称: 普陀电视台, 有效: 0, IPv4: 2, IPv6: 0, 最小延迟: 6567 ms, 最高速率: 0.00 M/s, 平均速率: 0.00 M/s, 最高分辨率: 1280x720, 平均帧率: 未知, 视频编解码器: 未知, 音频编解码器: 未知
分类: ☘️浙江频道, 名称: 开化国家公园, 有效: 0, IPv4: 4, IPv6: 0, 最小延迟: 6330 ms, 最高速率: 0.01 M/s, 平均速率: 0.00 M/s, 最高分辨率: 1280x720, 平均帧率: 未知, 视频编解码器: 未知, 音频编解码器: 未知
分类: ☘️浙江频道, 名称: 平湖民生休闲, 有效: 0, IPv4: 3, IPv6: 0, 最小延迟: 575 ms, 最高速率: 0.00 M/s, 平均速率: 0.00 M/s, 最高分辨率: 1280x720, 平均帧率: 未知, 视频编解码器: 未知, 音频编解码器: 未知
分类: ☘️浙江频道, 名称: 开化新闻综合, 有效: 0, IPv4: 2, IPv6: 0, 最小延迟: 6283 ms, 最高速率: 0.00 M/s, 平均速率: 0.00 M/s, 最高分辨率: None, 平均帧率: 未知, 视频编解码器: 未知, 音频编解码器: 未知
分类: ☘️浙江频道, 名称: 义乌新闻综合, 有效: 0, IPv4: 1, IPv6: 0, 最小延迟: -1 ms, 最高速率: 0.00 M/s, 平均速率: 0.00 M/s, 最高分辨率: None, 平均帧率: 未知, 视频编解码器: 未知, 音频编解码器: 未知
分类: ☘️浙江频道, 名称: 庆元综合, 有效: 0, IPv4: 4, IPv6: 0, 最小延迟: 6275 ms, 最高速率: 0.00 M/s, 平均速率: 0.00 M/s, 最高分辨率: 1920x1080, 平均帧率: 未知, 视频编解码器: 未知, 音频编解码器: 未知
分类: ☘️浙江频道, 名称: 平湖新闻综合, 有效: 0, IPv4: 3, IPv6: 0, 最小延迟: 6308 ms, 最高速率: 0.02 M/s, 平均速率: 0.00 M/s, 最高分辨率: None, 平均帧率: 未知, 视频编解码器: 未知, 音频编解码器: 未知
分类: ☘️浙江频道, 名称: 中国蓝新闻, 有效: 0, IPv4: 3, IPv6: 0, 最小延迟: 1004 ms, 最高速率: 0.26 M/s, 平均速率: 0.00 M/s, 最高分辨率: 1920x1080, 平均帧率: 25.00, 视频编解码器: h264, 音频编解码器: aac
分类: ☘️浙江频道, 名称: 余杭未来E, 有效: 0, IPv4: 2, IPv6: 0, 最小延迟: 6766 ms, 最高速率: 0.02 M/s, 平均速率: 0.00 M/s, 最高分辨率: 1920x1080, 平均帧率: 未知, 视频编解码器: 未知, 音频编解码器: 未知
分类: ☘️浙江频道, 名称: 兰溪新闻综合, 有效: 0, IPv4: 3, IPv6: 0, 最小延迟: 6131 ms, 最高速率: 0.02 M/s, 平均速率: 0.00 M/s, 最高分辨率: None, 平均帧率: 未知, 视频编解码器: 未知, 音频编解码器: 未知
分类: ☘️浙江频道, 名称: 嵊泗综合, 有效: 0, IPv4: 2, IPv6: 0, 最小延迟: 6583 ms, 最高速率: 0.00 M/s, 平均速率: 0.00 M/s, 最高分辨率: None, 平均帧率: 未知, 视频编解码器: 未知, 音频编解码器: 未知
分类: ☘️浙江频道, 名称: 余杭综合, 有效: 0, IPv4: 2, IPv6: 0, 最小延迟: 6547 ms, 最高速率: 0.02 M/s, 平均速率: 0.00 M/s, 最高分辨率: 1920x1080, 平均帧率: 未知, 视频编解码器: 未知, 音频编解码器: 未知
分类: ☘️浙江频道, 名称: 余姚综合, 有效: 0, IPv4: 3, IPv6: 0, 最小延迟: 4653 ms, 最高速率: 0.00 M/s, 平均速率: 0.00 M/s, 最高分辨率: 1920x1080, 平均帧率: 未知, 视频编解码器: 未知, 音频编解码器: 未知
分类: ☘️浙江频道, 名称: 余姚新闻综合, 有效: 0, IPv4: 3, IPv6: 0, 最小延迟: 6620 ms, 最高速率: 0.02 M/s, 平均速率: 0.00 M/s, 最高分辨率: 1920x1080, 平均帧率: 未知, 视频编解码器: 未知, 音频编解码器: 未知
分类: ☘️浙江频道, 名称: 嵊州新闻综合, 有效: 0, IPv4: 2, IPv6: 0, 最小延迟: 6515 ms, 最高速率: 0.01 M/s, 平均速率: 0.00 M/s, 最高分辨率: None, 平均帧率: 未知, 视频编解码器: 未知, 音频编解码器: 未知
分类: ☘️北京频道, 名称: 北京新闻, 有效: 1, IPv4: 3, IPv6: 0, 最小延迟: 62 ms, 最高速率: 1.98 M/s, 平均速率: 1.98 M/s, 最高分辨率: 1280x720, 平均帧率: 未知, 视频编解码器: 未知, 音频编解码器: aac
分类: ☘️浙江频道, 名称: 余姚姚江文化, 有效: 0, IPv4: 3, IPv6: 0, 最小延迟: 6605 ms, 最高速率: 0.01 M/s, 平均速率: 0.00 M/s, 最高分辨率: None, 平均帧率: 未知, 视频编解码器: 未知, 音频编解码器: 未知
分类: ☘️浙江频道, 名称: 东阳影视生活, 有效: 0, IPv4: 1, IPv6: 0, 最小延迟: 6828 ms, 最高速率: 0.00 M/s, 平均速率: 0.00 M/s, 最高分辨率: 1280x720, 平均帧率: 未知, 视频编解码器: 未知, 音频编解码器: 未知
分类: ☘️北京频道, 名称: 北京科教, 有效: 1, IPv4: 2, IPv6: 0, 最小延迟: 2686 ms, 最高速率: 0.72 M/s, 平均速率: 0.72 M/s, 最高分辨率: 1920x1080, 平均帧率: 未知, 视频编解码器: 未知, 音频编解码器: 未知
分类: ☘️浙江频道, 名称: 上虞新商都, 有效: 0, IPv4: 4, IPv6: 0, 最小延迟: 1243 ms, 最高速率: 0.03 M/s, 平均速率: 0.00 M/s, 最高分辨率: None, 平均帧率: 未知, 视频编解码器: 未知, 音频编解码器: 未知
分类: ☘️浙江频道, 名称: 云和新闻综合, 有效: 0, IPv4: 2, IPv6: 0, 最小延迟: 6916 ms, 最高速率: 0.01 M/s, 平均速率: 0.00 M/s, 最高分辨率: 1280x720, 平均帧率: 未知, 视频编解码器: 未知, 音频编解码器: 未知
分类: ☘️浙江频道, 名称: 上虞文化影院, 有效: 0, IPv4: 2, IPv6: 0, 最小延迟: 6378 ms, 最高速率: 0.01 M/s, 平均速率: 0.00 M/s, 最高分辨率: None, 平均帧率: 未知, 视频编解码器: 未知, 音频编解码器: 未知
分类: ☘️北京频道, 名称: 北京卡酷少儿, 有效: 5, IPv4: 81, IPv6: 0, 最小延迟: 58 ms, 最高速率: 94.25 M/s, 平均速率: 25.86 M/s, 最高分辨率: 1920x1080, 平均帧率: 26.25, 视频编解码器: h264, 音频编解码器: aac
分类: ☘️浙江频道, 名称: 上虞新闻综合, 有效: 0, IPv4: 3, IPv6: 0, 最小延迟: 6143 ms, 最高速率: 0.01 M/s, 平均速率: 0.00 M/s, 最高分辨率: 1920x1080, 平均帧率: 未知, 视频编解码器: 未知, 音频编解码器: 未知
分类: ☘️上海频道, 名称: 上海外语, 有效: 0, IPv4: 1, IPv6: 0, 最小延迟: -1 ms, 最高速率: 0.00 M/s, 平均速率: 0.00 M/s, 最高分辨率: None, 平均帧率: 未知, 视频编解码器: 未知, 音频编解码器: 未知
分类: ☘️上海频道, 名称: 七彩戏剧, 有效: 0, IPv4: 3, IPv6: 0, 最小延迟: -1 ms, 最高速率: 0.00 M/s, 平均速率: 0.00 M/s, 最高分辨率: None, 平均帧率: 未知, 视频编解码器: 未知, 音频编解码器: 未知
分类: ☘️广东频道, 名称: 广州综合, 有效: 5, IPv4: 13, IPv6: 0, 最小延迟: 80 ms, 最高速率: 2.22 M/s, 平均速率: 0.73 M/s, 最高分辨率: 1280x720, 平均帧率: 未知, 视频编解码器: 未知, 音频编解码器: 未知
分类: ☘️北京频道, 名称: 北京生活, 有效: 1, IPv4: 6, IPv6: 0, 最小延迟: 73 ms, 最高速率: 2.39 M/s, 平均速率: 2.39 M/s, 最高分辨率: 1280x720, 平均帧率: 未知, 视频编解码器: 未知, 音频编解码器: 未知
分类: ☘️上海频道, 名称: 上海教育, 有效: 0, IPv4: 3, IPv6: 0, 最小延迟: 5781 ms, 最高速率: 0.06 M/s, 平均速率: 0.00 M/s, 最高分辨率: 1280x720, 平均帧率: 30.00, 视频编解码器: h264, 音频编解码器: aac
分类: ☘️北京频道, 名称: 北京财经, 有效: 1, IPv4: 7, IPv6: 0, 最小延迟: 81 ms, 最高速率: 1.67 M/s, 平均速率: 1.67 M/s, 最高分辨率: 1280x720, 平均帧率: 30.00, 视频编解码器: h264, 音频编解码器: aac
分类: ☘️上海频道, 名称: 东方影视, 有效: 5, IPv4: 9, IPv6: 0, 最小延迟: 73 ms, 最高速率: 64.71 M/s, 平均速率: 48.45 M/s, 最高分辨率: 1920x1080, 平均帧率: 未知, 视频编解码器: 未知, 音频编解码器: 未知
分类: ☘️上海频道, 名称: 上海新闻综合, 有效: 0, IPv4: 4, IPv6: 0, 最小延迟: 5912 ms, 最高速率: 0.01 M/s, 平均速率: 0.00 M/s, 最高分辨率: 1280x720, 平均帧率: 30.00, 视频编解码器: h264, 音频编解码器: aac
分类: ☘️上海频道, 名称: 上海第一财经, 有效: 0, IPv4: 7, IPv6: 0, 最小延迟: 74 ms, 最高速率: 1.63 M/s, 平均速率: 0.00 M/s, 最高分辨率: 1280x720, 平均帧率: 未知, 视频编解码器: 未知, 音频编解码器: aac
分类: ☘️上海频道, 名称: 上海纪实, 有效: 0, IPv4: 1, IPv6: 0, 最小延迟: -1 ms, 最高速率: 0.00 M/s, 平均速率: 0.00 M/s, 最高分辨率: None, 平均帧率: 未知, 视频编解码器: 未知, 音频编解码器: 未知
分类: ☘️上海频道, 名称: 上海都市, 有效: 4, IPv4: 7, IPv6: 0, 最小延迟: 83 ms, 最高速率: 55.56 M/s, 平均速率: 42.98 M/s, 最高分辨率: 1920x1080, 平均帧率: 未知, 视频编解码器: 未知, 音频编解码器: 未知
分类: ☘️上海频道, 名称: 哈哈炫动, 有效: 5, IPv4: 39, IPv6: 0, 最小延迟: 47 ms, 最高速率: 100.35 M/s, 平均速率: 89.20 M/s, 最高分辨率: 1920x1080, 平均帧率: 未知, 视频编解码器: 未知, 音频编解码器: 未知
分类: ☘️上海频道, 名称: 全纪实, 有效: 0, IPv4: 3, IPv6: 0, 最小延迟: -1 ms, 最高速率: 0.00 M/s, 平均速率: 0.00 M/s, 最高分辨率: None, 平均帧率: 未知, 视频编解码器: 未知, 音频编解码器: 未知
分类: ☘️上海频道, 名称: 东方财经, 有效: 3, IPv4: 10, IPv6: 0, 最小延迟: 58 ms, 最高速率: 84.88 M/s, 平均速率: 48.79 M/s, 最高分辨率: 1920x1080, 平均帧率: 25.00, 视频编解码器: h264, 音频编解码器: aac
分类: ☘️上海频道, 名称: 动漫秀场, 有效: 4, IPv4: 22, IPv6: 0, 最小延迟: 44 ms, 最高速率: 111.68 M/s, 平均速率: 91.01 M/s, 最高分辨率: 1920x1080, 平均帧率: 未知, 视频编解码器: 未知, 音频编解码器: 未知
分类: ☘️上海频道, 名称: 金色频道, 有效: 0, IPv4: 1, IPv6: 0, 最小延迟: -1 ms, 最高速率: 0.00 M/s, 平均速率: 0.00 M/s, 最高分辨率: None, 平均帧率: 未知, 视频编解码器: 未知, 音频编解码器: 未知
分类: ☘️重庆频道, 名称: 万源新闻综合, 有效: 0, IPv4: 1, IPv6: 0, 最小延迟: -1 ms, 最高速率: 0.00 M/s, 平均速率: 0.00 M/s, 最高分辨率: None, 平均帧率: 未知, 视频编解码器: 未知, 音频编解码器: 未知
分类: ☘️重庆频道, 名称: 铜梁综合, 有效: 0, IPv4: 1, IPv6: 0, 最小延迟: 2606 ms, 最高速率: 0.14 M/s, 平均速率: 0.00 M/s, 最高分辨率: 720x576, 平均帧率: 25.00, 视频编解码器: h264, 音频编解码器: aac
分类: ☘️上海频道, 名称: 新闻综合, 有效: 0, IPv4: 14, IPv6: 0, 最小延迟: 471 ms, 最高速率: 0.40 M/s, 平均速率: 0.00 M/s, 最高分辨率: 1920x1080, 平均帧率: 25.00, 视频编解码器: h264, 音频编解码器: mp2
分类: ☘️上海频道, 名称: 法治天地, 有效: 5, IPv4: 15, IPv6: 0, 最小延迟: 55 ms, 最高速率: 95.73 M/s, 平均速率: 66.09 M/s, 最高分辨率: 1920x1080, 平均帧率: 未知, 视频编解码器: 未知, 音频编解码器: 未知
分类: ☘️重庆频道, 名称: 荣昌综合, 有效: 0, IPv4: 2, IPv6: 0, 最小延迟: 2906 ms, 最高速率: 0.17 M/s, 平均速率: 0.00 M/s, 最高分辨率: 720x404, 平均帧率: 25.00, 视频编解码器: h264, 音频编解码器: aac
分类: ☘️重庆频道, 名称: 潼南综合, 有效: 0, IPv4: 1, IPv6: 0, 最小延迟: 4491 ms, 最高速率: 0.33 M/s, 平均速率: 0.00 M/s, 最高分辨率: 1920x1080, 平均帧率: 25.00, 视频编解码器: h264, 音频编解码器: aac
分类: ☘️上海频道, 名称: 欢笑剧场, 有效: 3, IPv4: 15, IPv6: 0, 最小延迟: 469 ms, 最高速率: 8.12 M/s, 平均速率: 7.08 M/s, 最高分辨率: 1920x1080, 平均帧率: 25.00, 视频编解码器: h264, 音频编解码器: aac
分类: ☘️重庆频道, 名称: 璧山综合, 有效: 0, IPv4: 1, IPv6: 0, 最小延迟: 6250 ms, 最高速率: 0.41 M/s, 平均速率: 0.00 M/s, 最高分辨率: 1920x1080, 平均帧率: 未知, 视频编解码器: 未知, 音频编解码器: 未知
分类: ☘️上海频道, 名称: 都市剧场, 有效: 5, IPv4: 27, IPv6: 0, 最小延迟: 55 ms, 最高速率: 79.28 M/s, 平均速率: 56.30 M/s, 最高分辨率: 1920x1080, 平均帧率: 未知, 视频编解码器: 未知, 音频编解码器: 未知
分类: ☘️重庆频道, 名称: 重庆新闻, 有效: 3, IPv4: 4, IPv6: 0, 最小延迟: 94 ms, 最高速率: 11.49 M/s, 平均速率: 7.35 M/s, 最高分辨率: 1920x1080, 平均帧率: 未知, 视频编解码器: 未知, 音频编解码器: 未知
分类: ☘️重庆频道, 名称: 重庆时尚购物, 有效: 0, IPv4: 2, IPv6: 0, 最小延迟: -1 ms, 最高速率: 0.00 M/s, 平均速率: 0.00 M/s, 最高分辨率: None, 平均帧率: 未知, 视频编解码器: 未知, 音频编解码器: 未知
分类: ☘️上海频道, 名称: 第一财经, 有效: 4, IPv4: 10, IPv6: 0, 最小延迟: 42 ms, 最高速率: 113.94 M/s, 平均速率: 84.99 M/s, 最高分辨率: 1920x1080, 平均帧率: 未知, 视频编解码器: 未知, 音频编解码器: aac
分类: ☘️上海频道, 名称: 生活时尚, 有效: 4, IPv4: 14, IPv6: 0, 最小延迟: 50 ms, 最高速率: 95.42 M/s, 平均速率: 82.67 M/s, 最高分辨率: 1920x1080, 平均帧率: 25.00, 视频编解码器: h264, 音频编解码器: aac
分类: ☘️上海频道, 名称: 纪实人文, 有效: 0, IPv4: 13, IPv6: 0, 最小延迟: -1 ms, 最高速率: 0.00 M/s, 平均速率: 0.00 M/s, 最高分辨率: None, 平均帧率: 未知, 视频编解码器: 未知, 音频编解码器: 未知
分类: ☘️江苏频道, 名称: 六合新闻综合, 有效: 0, IPv4: 1, IPv6: 0, 最小延迟: -1 ms, 最高速率: 0.00 M/s, 平均速率: 0.00 M/s, 最高分辨率: None, 平均帧率: 未知, 视频编解码器: 未知, 音频编解码器: 未知
分类: ☘️重庆频道, 名称: 江津新闻综合, 有效: 0, IPv4: 1, IPv6: 0, 最小延迟: 6953 ms, 最高速率: 0.05 M/s, 平均速率: 0.00 M/s, 最高分辨率: None, 平均帧率: 未知, 视频编解码器: 未知, 音频编解码器: 未知
分类: ☘️重庆频道, 名称: 重庆汽摩, 有效: 1, IPv4: 6, IPv6: 0, 最小延迟: 261 ms, 最高速率: 10.74 M/s, 平均速率: 10.74 M/s, 最高分辨率: 1280x720, 平均帧率: 25.00, 视频编解码器: h264, 音频编解码器: aac
分类: ☘️江苏频道, 名称: 句容影院, 有效: 0, IPv4: 1, IPv6: 0, 最小延迟: 779 ms, 最高速率: 0.16 M/s, 平均速率: 0.00 M/s, 最高分辨率: 720x576, 平均帧率: 25.00, 视频编解码器: h264, 音频编解码器: aac
分类: ☘️江苏频道, 名称: 句容党建, 有效: 0, IPv4: 2, IPv6: 0, 最小延迟: 840 ms, 最高速率: 0.14 M/s, 平均速率: 0.00 M/s, 最高分辨率: 1280x720, 平均帧率: 25.00, 视频编解码器: h264, 音频编解码器: aac
分类: ☘️江苏频道, 名称: 宜兴新闻, 有效: 0, IPv4: 2, IPv6: 0, 最小延迟: -1 ms, 最高速率: 0.00 M/s, 平均速率: 0.00 M/s, 最高分辨率: None, 平均帧率: 未知, 视频编解码器: 未知, 音频编解码器: 未知
分类: ☘️江苏频道, 名称: 宜兴紫砂, 有效: 0, IPv4: 1, IPv6: 0, 最小延迟: -1 ms, 最高速率: 0.00 M/s, 平均速率: 0.00 M/s, 最高分辨率: None, 平均帧率: 未知, 视频编解码器: 未知, 音频编解码器: 未知
分类: ☘️江苏频道, 名称: 句容新闻综合, 有效: 0, IPv4: 2, IPv6: 0, 最小延迟: 1057 ms, 最高速率: 0.20 M/s, 平均速率: 0.00 M/s, 最高分辨率: 720x576, 平均帧率: 25.00, 视频编解码器: h264, 音频编解码器: aac
分类: ☘️重庆频道, 名称: 垫江综合, 有效: 0, IPv4: 3, IPv6: 0, 最小延迟: -1 ms, 最高速率: 0.00 M/s, 平均速率: 0.00 M/s, 最高分辨率: None, 平均帧率: 未知, 视频编解码器: 未知, 音频编解码器: 未知
分类: ☘️江苏频道, 名称: 扬州城市, 有效: 0, IPv4: 1, IPv6: 0, 最小延迟: -1 ms, 最高速率: 0.00 M/s, 平均速率: 0.00 M/s, 最高分辨率: 1280x720, 平均帧率: 未知, 视频编解码器: 未知, 音频编解码器: 未知
分类: ☘️重庆频道, 名称: 万州综合, 有效: 0, IPv4: 4, IPv6: 0, 最小延迟: -1 ms, 最高速率: 0.00 M/s, 平均速率: 0.00 M/s, 最高分辨率: None, 平均帧率: 未知, 视频编解码器: 未知, 音频编解码器: 未知
分类: ☘️江苏频道, 名称: 优漫卡通, 有效: 5, IPv4: 44, IPv6: 0, 最小延迟: 44 ms, 最高速率: 115.71 M/s, 平均速率: 46.64 M/s, 最高分辨率: 1920x1080, 平均帧率: 25.00, 视频编解码器: h264, 音频编解码器: aac
分类: ☘️江苏频道, 名称: 句容生活, 有效: 0, IPv4: 2, IPv6: 0, 最小延迟: 1055 ms, 最高速率: 0.24 M/s, 平均速率: 0.00 M/s, 最高分辨率: 720x576, 平均帧率: 25.00, 视频编解码器: h264, 音频编解码器: aac
分类: ☘️江苏频道, 名称: 扬州生活, 有效: 0, IPv4: 1, IPv6: 0, 最小延迟: -1 ms, 最高速率: 0.00 M/s, 平均速率: 0.00 M/s, 最高分辨率: 1280x720, 平均帧率: 未知, 视频编解码器: 未知, 音频编解码器: 未知
分类: ☘️江苏频道, 名称: 扬州新闻, 有效: 0, IPv4: 1, IPv6: 0, 最小延迟: -1 ms, 最高速率: 0.00 M/s, 平均速率: 0.00 M/s, 最高分辨率: 1920x1080, 平均帧率: 未知, 视频编解码器: 未知, 音频编解码器: 未知
分类: ☘️江苏频道, 名称: 扬州邗江, 有效: 0, IPv4: 1, IPv6: 0, 最小延迟: -1 ms, 最高速率: 0.00 M/s, 平均速率: 0.00 M/s, 最高分辨率: 1280x720, 平均帧率: 未知, 视频编解码器: 未知, 音频编解码器: 未知
分类: ☘️江苏频道, 名称: 南京生活, 有效: 0, IPv4: 2, IPv6: 0, 最小延迟: 464 ms, 最高速率: 0.19 M/s, 平均速率: 0.00 M/s, 最高分辨率: 720x576, 平均帧率: 25.00, 视频编解码器: h264, 音频编解码器: mp2
分类: ☘️重庆频道, 名称: 万州三峡移民, 有效: 0, IPv4: 4, IPv6: 0, 最小延迟: -1 ms, 最高速率: 0.00 M/s, 平均速率: 0.00 M/s, 最高分辨率: None, 平均帧率: 未知, 视频编解码器: 未知, 音频编解码器: 未知
分类: ☘️江苏频道, 名称: 南京少儿, 有效: 0, IPv4: 3, IPv6: 0, 最小延迟: 482 ms, 最高速率: 0.00 M/s, 平均速率: 0.00 M/s, 最高分辨率: None, 平均帧率: 未知, 视频编解码器: 未知, 音频编解码器: 未知
分类: ☘️江苏频道, 名称: 南京十八, 有效: 0, IPv4: 2, IPv6: 0, 最小延迟: -1 ms, 最高速率: 0.00 M/s, 平均速率: 0.00 M/s, 最高分辨率: None, 平均帧率: 未知, 视频编解码器: 未知, 音频编解码器: 未知
分类: ☘️江苏频道, 名称: 南京教科, 有效: 0, IPv4: 3, IPv6: 0, 最小延迟: -1 ms, 最高速率: 0.00 M/s, 平均速率: 0.00 M/s, 最高分辨率: None, 平均帧率: 未知, 视频编解码器: 未知, 音频编解码器: 未知
分类: ☘️江苏频道, 名称: 南京新闻综合, 有效: 0, IPv4: 4, IPv6: 0, 最小延迟: 470 ms, 最高速率: 0.14 M/s, 平均速率: 0.00 M/s, 最高分辨率: 720x576, 平均帧率: 25.00, 视频编解码器: h264, 音频编解码器: mp2
分类: ☘️江苏频道, 名称: 南通新闻综合, 有效: 2, IPv4: 4, IPv6: 0, 最小延迟: 83 ms, 最高速率: 2.20 M/s, 平均速率: 1.26 M/s, 最高分辨率: 1280x720, 平均帧率: 25.00, 视频编解码器: h264, 音频编解码器: aac
分类: ☘️江苏频道, 名称: 武进新闻, 有效: 0, IPv4: 1, IPv6: 0, 最小延迟: 5310 ms, 最高速率: 0.07 M/s, 平均速率: 0.00 M/s, 最高分辨率: 720x576, 平均帧率: 25.00, 视频编解码器: h264, 音频编解码器: aac
分类: ☘️江苏频道, 名称: 宿迁公共, 有效: 0, IPv4: 2, IPv6: 0, 最小延迟: 497 ms, 最高速率: 0.00 M/s, 平均速率: 0.00 M/s, 最高分辨率: None, 平均帧率: 未知, 视频编解码器: 未知, 音频编解码器: 未知
分类: ☘️江苏频道, 名称: 常熟民生, 有效: 0, IPv4: 1, IPv6: 0, 最小延迟: -1 ms, 最高速率: 0.00 M/s, 平均速率: 0.00 M/s, 最高分辨率: None, 平均帧率: 未知, 视频编解码器: 未知, 音频编解码器: 未知
分类: ☘️江苏频道, 名称: 张家港新闻综合, 有效: 0, IPv4: 1, IPv6: 0, 最小延迟: -1 ms, 最高速率: 0.00 M/s, 平均速率: 0.00 M/s, 最高分辨率: None, 平均帧率: 未知, 视频编解码器: 未知, 音频编解码器: 未知
分类: ☘️江苏频道, 名称: 江宁新闻, 有效: 0, IPv4: 1, IPv6: 0, 最小延迟: -1 ms, 最高速率: 0.00 M/s, 平均速率: 0.00 M/s, 最高分辨率: None, 平均帧率: 未知, 视频编解码器: 未知, 音频编解码器: 未知
分类: ☘️江苏频道, 名称: 江苏体育, 有效: 0, IPv4: 4, IPv6: 0, 最小延迟: 474 ms, 最高速率: 0.00 M/s, 平均速率: 0.00 M/s, 最高分辨率: None, 平均帧率: 未知, 视频编解码器: 未知, 音频编解码器: 未知
分类: ☘️江苏频道, 名称: 江苏公共, 有效: 0, IPv4: 4, IPv6: 0, 最小延迟: 469 ms, 最高速率: 0.00 M/s, 平均速率: 0.00 M/s, 最高分辨率: None, 平均帧率: 未知, 视频编解码器: 未知, 音频编解码器: 未知
分类: ☘️江苏频道, 名称: 武进生活, 有效: 0, IPv4: 3, IPv6: 0, 最小延迟: 3644 ms, 最高速率: 0.06 M/s, 平均速率: 0.00 M/s, 最高分辨率: 720x576, 平均帧率: 25.00, 视频编解码器: h264, 音频编解码器: aac
分类: ☘️江苏频道, 名称: 沛县新闻综合, 有效: 0, IPv4: 1, IPv6: 0, 最小延迟: -1 ms, 最高速率: 0.00 M/s, 平均速率: 0.00 M/s, 最高分辨率: None, 平均帧率: 未知, 视频编解码器: 未知, 音频编解码器: 未知
分类: ☘️江苏频道, 名称: 泗洪新闻综合, 有效: 0, IPv4: 2, IPv6: 0, 最小延迟: -1 ms, 最高速率: 0.00 M/s, 平均速率: 0.00 M/s, 最高分辨率: None, 平均帧率: 未知, 视频编解码器: 未知, 音频编解码器: 未知
分类: ☘️江苏频道, 名称: 泰州一套新闻综合, 有效: 0, IPv4: 1, IPv6: 0, 最小延迟: -1 ms, 最高速率: 0.00 M/s, 平均速率: 0.00 M/s, 最高分辨率: None, 平均帧率: 未知, 视频编解码器: 未知, 音频编解码器: 未知
分类: ☘️江苏频道, 名称: 江苏城市, 有效: 0, IPv4: 23, IPv6: 0, 最小延迟: 467 ms, 最高速率: 0.00 M/s, 平均速率: 0.00 M/s, 最高分辨率: None, 平均帧率: 未知, 视频编解码器: 未知, 音频编解码器: 未知
分类: ☘️江苏频道, 名称: 睢宁综合, 有效: 1, IPv4: 2, IPv6: 0, 最小延迟: 731 ms, 最高速率: 0.72 M/s, 平均速率: 0.72 M/s, 最高分辨率: 1280x720, 平均帧率: 未知, 视频编解码器: 未知, 音频编解码器: 未知
分类: ☘️江苏频道, 名称: 苏州4k, 有效: 1, IPv4: 1, IPv6: 0, 最小延迟: 659 ms, 最高速率: 1.43 M/s, 平均速率: 1.43 M/s, 最高分辨率: 1920x1080, 平均帧率: 未知, 视频编解码器: 未知, 音频编解码器: 未知
分类: ☘️江苏频道, 名称: 苏州生活资讯, 有效: 1, IPv4: 1, IPv6: 0, 最小延迟: 1017 ms, 最高速率: 0.41 M/s, 平均速率: 0.41 M/s, 最高分辨率: 1280x720, 平均帧率: 未知, 视频编解码器: 未知, 音频编解码器: 未知
分类: ☘️江苏频道, 名称: 苏州文化生活, 有效: 1, IPv4: 1, IPv6: 0, 最小延迟: 1150 ms, 最高速率: 0.33 M/s, 平均速率: 0.33 M/s, 最高分辨率: 1280x720, 平均帧率: 未知, 视频编解码器: 未知, 音频编解码器: 未知
分类: ☘️江苏频道, 名称: 苏州社会经济, 有效: 1, IPv4: 1, IPv6: 0, 最小延迟: 1169 ms, 最高速率: 1.10 M/s, 平均速率: 1.10 M/s, 最高分辨率: 1280x720, 平均帧率: 未知, 视频编解码器: 未知, 音频编解码器: 未知
分类: ☘️江苏频道, 名称: 苏州电影娱乐, 有效: 1, IPv4: 1, IPv6: 0, 最小延迟: 951 ms, 最高速率: 0.39 M/s, 平均速率: 0.39 M/s, 最高分辨率: 1280x720, 平均帧率: 未知, 视频编解码器: 未知, 音频编解码器: 未知
分类: ☘️江苏频道, 名称: 赣榆新闻综合, 有效: 0, IPv4: 2, IPv6: 0, 最小延迟: -1 ms, 最高速率: 0.00 M/s, 平均速率: 0.00 M/s, 最高分辨率: None, 平均帧率: 未知, 视频编解码器: 未知, 音频编解码器: 未知
分类: ☘️江苏频道, 名称: 江苏影视, 有效: 0, IPv4: 23, IPv6: 0, 最小延迟: 512 ms, 最高速率: 0.00 M/s, 平均速率: 0.00 M/s, 最高分辨率: None, 平均帧率: 未知, 视频编解码器: 未知, 音频编解码器: 未知
分类: ☘️江苏频道, 名称: 滨海新闻综合, 有效: 0, IPv4: 1, IPv6: 0, 最小延迟: 4137 ms, 最高速率: 0.34 M/s, 平均速率: 0.00 M/s, 最高分辨率: 1920x1080, 平均帧率: 未知, 视频编解码器: 未知, 音频编解码器: 未知
分类: ☘️江苏频道, 名称: 淮安公共, 有效: 0, IPv4: 2, IPv6: 0, 最小延迟: 478 ms, 最高速率: 0.20 M/s, 平均速率: 0.00 M/s, 最高分辨率: 720x576, 平均帧率: 25.00, 视频编解码器: h264, 音频编解码器: mp2
分类: ☘️江苏频道, 名称: 镇江二套社会民生, 有效: 0, IPv4: 1, IPv6: 0, 最小延迟: 1155 ms, 最高速率: 0.17 M/s, 平均速率: 0.00 M/s, 最高分辨率: 1920x1080, 平均帧率: 未知, 视频编解码器: 未知, 音频编解码器: 未知
分类: ☘️江苏频道, 名称: 淮阴综合, 有效: 0, IPv4: 2, IPv6: 0, 最小延迟: 491 ms, 最高速率: 0.20 M/s, 平均速率: 0.00 M/s, 最高分辨率: 720x576, 平均帧率: 25.00, 视频编解码器: h264, 音频编解码器: mp2
分类: ☘️江苏频道, 名称: 泗阳综合, 有效: 0, IPv4: 2, IPv6: 0, 最小延迟: 487 ms, 最高速率: 0.00 M/s, 平均速率: 0.00 M/s, 最高分辨率: None, 平均帧率: 未知, 视频编解码器: 未知, 音频编解码器: 未知
分类: ☘️江苏频道, 名称: 江苏教育, 有效: 1, IPv4: 28, IPv6: 0, 最小延迟: 104 ms, 最高速率: 1.86 M/s, 平均速率: 1.86 M/s, 最高分辨率: 1280x720, 平均帧率: 25.00, 视频编解码器: h264, 音频编解码器: aac
分类: ☘️江苏频道, 名称: 泗阳资讯, 有效: 0, IPv4: 2, IPv6: 0, 最小延迟: -1 ms, 最高速率: 0.00 M/s, 平均速率: 0.00 M/s, 最高分辨率: None, 平均帧率: 未知, 视频编解码器: 未知, 音频编解码器: 未知
分类: ☘️江苏频道, 名称: 靖江新闻综合, 有效: 0, IPv4: 1, IPv6: 0, 最小延迟: -1 ms, 最高速率: 0.00 M/s, 平均速率: 0.00 M/s, 最高分辨率: None, 平均帧率: 未知, 视频编解码器: 未知, 音频编解码器: 未知
分类: ☘️江苏频道, 名称: 淮安新闻综合, 有效: 1, IPv4: 4, IPv6: 0, 最小延迟: 116 ms, 最高速率: 1.48 M/s, 平均速率: 1.48 M/s, 最高分辨率: 1280x720, 平均帧率: 25.00, 视频编解码器: h264, 音频编解码器: aac
分类: ☘️江苏频道, 名称: 贾汪新闻, 有效: 0, IPv4: 2, IPv6: 0, 最小延迟: 495 ms, 最高速率: 0.14 M/s, 平均速率: 0.00 M/s, 最高分辨率: 720x576, 平均帧率: 25.00, 视频编解码器: h264, 音频编解码器: mp2
分类: ☘️江苏频道, 名称: 溧水新闻综合, 有效: 2, IPv4: 4, IPv6: 0, 最小延迟: 88 ms, 最高速率: 1.90 M/s, 平均速率: 1.11 M/s, 最高分辨率: 1280x720, 平均帧率: 25.00, 视频编解码器: h264, 音频编解码器: aac
分类: ☘️辽宁频道, 名称: 朝阳新闻综合, 有效: 1, IPv4: 1, IPv6: 0, 最小延迟: 3372 ms, 最高速率: 1.34 M/s, 平均速率: 1.34 M/s, 最高分辨率: 1920x1080, 平均帧率: 未知, 视频编解码器: 未知, 音频编解码器: 未知
分类: ☘️江苏频道, 名称: 睢宁三农, 有效: 0, IPv4: 1, IPv6: 0, 最小延迟: -1 ms, 最高速率: 0.00 M/s, 平均速率: 0.00 M/s, 最高分辨率: None, 平均帧率: 未知, 视频编解码器: 未知, 音频编解码器: 未知
分类: ☘️江苏频道, 名称: 睢宁资讯, 有效: 0, IPv4: 1, IPv6: 0, 最小延迟: -1 ms, 最高速率: 0.00 M/s, 平均速率: 0.00 M/s, 最高分辨率: None, 平均帧率: 未知, 视频编解码器: 未知, 音频编解码器: 未知
分类: ☘️江苏频道, 名称: 连云港公共, 有效: 0, IPv4: 1, IPv6: 0, 最小延迟: -1 ms, 最高速率: 0.00 M/s, 平均速率: 0.00 M/s, 最高分辨率: None, 平均帧率: 未知, 视频编解码器: 未知, 音频编解码器: 未知
分类: ☘️辽宁频道, 名称: 辽宁教育青少, 有效: 1, IPv4: 2, IPv6: 0, 最小延迟: 4996 ms, 最高速率: 0.53 M/s, 平均速率: 0.53 M/s, 最高分辨率: 1920x1080, 平均帧率: 25.00, 视频编解码器: h264, 音频编解码器: aac
分类: ☘️湖南频道, 名称: 湖南视剧, 有效: 0, IPv4: 2, IPv6: 0, 最小延迟: -1 ms, 最高速率: 0.00 M/s, 平均速率: 0.00 M/s, 最高分辨率: None, 平均帧率: 未知, 视频编解码器: 未知, 音频编解码器: 未知
分类: ☘️辽宁频道, 名称: 辽宁影视剧, 有效: 1, IPv4: 2, IPv6: 0, 最小延迟: 5034 ms, 最高速率: 0.57 M/s, 平均速率: 0.57 M/s, 最高分辨率: 1920x1080, 平均帧率: 25.00, 视频编解码器: h264, 音频编解码器: aac
分类: ☘️江苏频道, 名称: 连云港新闻综合, 有效: 1, IPv4: 22, IPv6: 0, 最小延迟: 88 ms, 最高速率: 2.09 M/s, 平均速率: 2.09 M/s, 最高分辨率: 1280x720, 平均帧率: 25.00, 视频编解码器: h264, 音频编解码器: aac
分类: ☘️辽宁频道, 名称: 辽宁北方, 有效: 0, IPv4: 2, IPv6: 0, 最小延迟: 6295 ms, 最高速率: 0.05 M/s, 平均速率: 0.00 M/s, 最高分辨率: None, 平均帧率: 未知, 视频编解码器: 未知, 音频编解码器: 未知
分类: ☘️湖南频道, 名称: 湖南爱晚, 有效: 0, IPv4: 3, IPv6: 0, 最小延迟: -1 ms, 最高速率: 0.00 M/s, 平均速率: 0.00 M/s, 最高分辨率: None, 平均帧率: 未知, 视频编解码器: 未知, 音频编解码器: 未知
分类: ☘️辽宁频道, 名称: 辽宁生活, 有效: 1, IPv4: 2, IPv6: 0, 最小延迟: 6350 ms, 最高速率: 1.00 M/s, 平均速率: 1.00 M/s, 最高分辨率: 1920x1080, 平均帧率: 50.00, 视频编解码器: h264, 音频编解码器: ac3
分类: ☘️辽宁频道, 名称: 辽宁经济, 有效: 2, IPv4: 3, IPv6: 0, 最小延迟: 2431 ms, 最高速率: 1.11 M/s, 平均速率: 1.05 M/s, 最高分辨率: 1920x1080, 平均帧率: 25.00, 视频编解码器: h264, 音频编解码器: aac
分类: ☘️湖南频道, 名称: 湖南国际, 有效: 1, IPv4: 3, IPv6: 0, 最小延迟: 73 ms, 最高速率: 1.88 M/s, 平均速率: 1.88 M/s, 最高分辨率: 1280x720, 平均帧率: 未知, 视频编解码器: 未知, 音频编解码器: 未知
分类: ☘️辽宁频道, 名称: 辽宁都市, 有效: 1, IPv4: 3, IPv6: 0, 最小延迟: 2672 ms, 最高速率: 1.02 M/s, 平均速率: 1.02 M/s, 最高分辨率: 1920x1080, 平均帧率: 25.00, 视频编解码器: h264, 音频编解码器: aac
分类: ☘️江苏频道, 名称: 镇江新闻综合, 有效: 0, IPv4: 22, IPv6: 0, 最小延迟: 1156 ms, 最高速率: 0.33 M/s, 平均速率: 0.00 M/s, 最高分辨率: 1920x1080, 平均帧率: 25.00, 视频编解码器: h264, 音频编解码器: aac
分类: ☘️湖南频道, 名称: 湖南娱乐, 有效: 2, IPv4: 6, IPv6: 0, 最小延迟: 89 ms, 最高速率: 13.44 M/s, 平均速率: 7.61 M/s, 最高分辨率: 1280x720, 平均帧率: 25.00, 视频编解码器: h264, 音频编解码器: aac
分类: ☘️湖南频道, 名称: 湖南都市, 有效: 1, IPv4: 9, IPv6: 0, 最小延迟: 84 ms, 最高速率: 2.30 M/s, 平均速率: 2.30 M/s, 最高分辨率: 1280x720, 平均帧率: 未知, 视频编解码器: 未知, 音频编解码器: 未知
分类: ☘️湖南频道, 名称: 湖南经视, 有效: 1, IPv4: 4, IPv6: 0, 最小延迟: 74 ms, 最高速率: 2.41 M/s, 平均速率: 2.41 M/s, 最高分辨率: 1280x720, 平均帧率: 未知, 视频编解码器: 未知, 音频编解码器: 未知
分类: ☘️湖南频道, 名称: 湖南电视剧, 有效: 1, IPv4: 4, IPv6: 0, 最小延迟: 88 ms, 最高速率: 1.72 M/s, 平均速率: 1.72 M/s, 最高分辨率: 1280x720, 平均帧率: 未知, 视频编解码器: 未知, 音频编解码器: 未知
分类: ☘️湖南频道, 名称: 湖南电影, 有效: 1, IPv4: 7, IPv6: 0, 最小延迟: 95 ms, 最高速率: 1.43 M/s, 平均速率: 1.43 M/s, 最高分辨率: 1280x720, 平均帧率: 未知, 视频编解码器: 未知, 音频编解码器: 未知
分类: ☘️湖南频道, 名称: 长沙新闻, 有效: 1, IPv4: 3, IPv6: 0, 最小延迟: 71 ms, 最高速率: 2.21 M/s, 平均速率: 2.21 M/s, 最高分辨率: 1280x720, 平均帧率: 未知, 视频编解码器: 未知, 音频编解码器: 未知
分类: ☘️湖南频道, 名称: 长沙政法, 有效: 1, IPv4: 2, IPv6: 0, 最小延迟: 105 ms, 最高速率: 1.37 M/s, 平均速率: 1.37 M/s, 最高分辨率: 1280x720, 平均帧率: 未知, 视频编解码器: 未知, 音频编解码器: 未知
分类: ☘️湖南频道, 名称: 长沙女性, 有效: 1, IPv4: 2, IPv6: 0, 最小延迟: 85 ms, 最高速率: 1.84 M/s, 平均速率: 1.84 M/s, 最高分辨率: 1280x720, 平均帧率: 未知, 视频编解码器: 未知, 音频编解码器: 未知
分类: ☘️湖南频道, 名称: 湖南教育, 有效: 2, IPv4: 5, IPv6: 0, 最小延迟: 221 ms, 最高速率: 11.99 M/s, 平均速率: 11.75 M/s, 最高分辨率: 1280x720, 平均帧率: 未知, 视频编解码器: 未知, 音频编解码器: 未知
分类: ☘️湖南频道, 名称: 湖南公共, 有效: 1, IPv4: 2, IPv6: 0, 最小延迟: 80 ms, 最高速率: 2.20 M/s, 平均速率: 2.20 M/s, 最高分辨率: 1280x720, 平均帧率: 未知, 视频编解码器: 未知, 音频编解码器: 未知
分类: ☘️湖南频道, 名称: 金鹰纪实, 有效: 5, IPv4: 64, IPv6: 0, 最小延迟: 44 ms, 最高速率: 103.20 M/s, 平均速率: 69.23 M/s, 最高分辨率: 1920x1080, 平均帧率: 25.00, 视频编解码器: h264, 音频编解码器: aac
分类: ☘️湖南频道, 名称: 湖南金鹰纪实, 有效: 0, IPv4: 20, IPv6: 0, 最小延迟: 380 ms, 最高速率: 0.78 M/s, 平均速率: 0.00 M/s, 最高分辨率: 1920x1080, 平均帧率: 未知, 视频编解码器: 未知, 音频编解码器: 未知
分类: ☘️湖南频道, 名称: 长沙新闻综合, 有效: 0, IPv4: 3, IPv6: 0, 最小延迟: 480 ms, 最高速率: 0.01 M/s, 平均速率: 0.00 M/s, 最高分辨率: None, 平均帧率: 未知, 视频编解码器: 未知, 音频编解码器: 未知
分类: ☘️湖北频道, 名称: 湖北综合, 有效: 0, IPv4: 5, IPv6: 0, 最小延迟: 1755 ms, 最高速率: 0.11 M/s, 平均速率: 0.00 M/s, 最高分辨率: 1280x720, 平均帧率: 25.00, 视频编解码器: h264, 音频编解码器: aac
分类: ☘️湖南频道, 名称: 衡阳新闻综合, 有效: 0, IPv4: 7, IPv6: 0, 最小延迟: 475 ms, 最高速率: 0.02 M/s, 平均速率: 0.00 M/s, 最高分辨率: None, 平均帧率: 未知, 视频编解码器: 未知, 音频编解码器: 未知
分类: ☘️湖北频道, 名称: 湖北生活, 有效: 1, IPv4: 5, IPv6: 0, 最小延迟: 41 ms, 最高速率: 4.59 M/s, 平均速率: 4.59 M/s, 最高分辨率: 1280x720, 平均帧率: 25.00, 视频编解码器: h264, 音频编解码器: aac
分类: ☘️湖南频道, 名称: 益阳新闻综合, 有效: 0, IPv4: 6, IPv6: 0, 最小延迟: 479 ms, 最高速率: 0.05 M/s, 平均速率: 0.00 M/s, 最高分辨率: None, 平均帧率: 未知, 视频编解码器: 未知, 音频编解码器: 未知
分类: ☘️湖北频道, 名称: 武汉经济, 有效: 0, IPv4: 1, IPv6: 0, 最小延迟: -1 ms, 最高速率: 0.00 M/s, 平均速率: 0.00 M/s, 最高分辨率: None, 平均帧率: 未知, 视频编解码器: 未知, 音频编解码器: 未知
分类: ☘️湖北频道, 名称: 武汉一台新闻综合, 有效: 0, IPv4: 1, IPv6: 0, 最小延迟: -1 ms, 最高速率: 0.00 M/s, 平均速率: 0.00 M/s, 最高分辨率: None, 平均帧率: 未知, 视频编解码器: 未知, 音频编解码器: 未知
分类: ☘️湖北频道, 名称: 湖北教育, 有效: 1, IPv4: 5, IPv6: 0, 最小延迟: 33 ms, 最高速率: 5.46 M/s, 平均速率: 5.46 M/s, 最高分辨率: 1280x720, 平均帧率: 25.00, 视频编解码器: h264, 音频编解码器: aac
分类: ☘️湖北频道, 名称: 十堰新闻, 有效: 0, IPv4: 1, IPv6: 0, 最小延迟: -1 ms, 最高速率: 0.00 M/s, 平均速率: 0.00 M/s, 最高分辨率: None, 平均帧率: 未知, 视频编解码器: 未知, 音频编解码器: 未知
分类: ☘️湖北频道, 名称: 武汉外语, 有效: 0, IPv4: 1, IPv6: 0, 最小延迟: -1 ms, 最高速率: 0.00 M/s, 平均速率: 0.00 M/s, 最高分辨率: None, 平均帧率: 未知, 视频编解码器: 未知, 音频编解码器: 未知
分类: ☘️湖南频道, 名称: 湘潭新闻综合, 有效: 0, IPv4: 6, IPv6: 0, 最小延迟: 478 ms, 最高速率: 0.06 M/s, 平均速率: 0.00 M/s, 最高分辨率: None, 平均帧率: 未知, 视频编解码器: 未知, 音频编解码器: 未知
分类: ☘️湖北频道, 名称: 武汉新闻, 有效: 0, IPv4: 1, IPv6: 0, 最小延迟: 272 ms, 最高速率: 0.00 M/s, 平均速率: 0.00 M/s, 最高分辨率: 1280x720, 平均帧率: 未知, 视频编解码器: 未知, 音频编解码器: 未知
分类: ☘️湖北频道, 名称: 麻城综合, 有效: 1, IPv4: 1, IPv6: 0, 最小延迟: 3247 ms, 最高速率: 0.78 M/s, 平均速率: 0.78 M/s, 最高分辨率: 1920x1080, 平均帧率: 未知, 视频编解码器: 未知, 音频编解码器: 未知
分类: ☘️湖北频道, 名称: 江夏新闻综合, 有效: 0, IPv4: 1, IPv6: 0, 最小延迟: 1820 ms, 最高速率: 0.16 M/s, 平均速率: 0.00 M/s, 最高分辨率: 720x576, 平均帧率: 25.00, 视频编解码器: h264, 音频编解码器: aac
分类: ☘️湖南频道, 名称: 娄底综合, 有效: 0, IPv4: 1, IPv6: 0, 最小延迟: -1 ms, 最高速率: 0.00 M/s, 平均速率: 0.00 M/s, 最高分辨率: None, 平均帧率: 未知, 视频编解码器: 未知, 音频编解码器: 未知
分类: ☘️湖南频道, 名称: 湘潭公共, 有效: 0, IPv4: 2, IPv6: 0, 最小延迟: -1 ms, 最高速率: 0.00 M/s, 平均速率: 0.00 M/s, 最高分辨率: None, 平均帧率: 未知, 视频编解码器: 未知, 音频编解码器: 未知
分类: ☘️广西频道, 名称: 南宁公共, 有效: 0, IPv4: 6, IPv6: 0, 最小延迟: -1 ms, 最高速率: 0.00 M/s, 平均速率: 0.00 M/s, 最高分辨率: None, 平均帧率: 未知, 视频编解码器: 未知, 音频编解码器: 未知
分类: ☘️广西频道, 名称: 南宁影娱乐, 有效: 0, IPv4: 1, IPv6: 0, 最小延迟: -1 ms, 最高速率: 0.00 M/s, 平均速率: 0.00 M/s, 最高分辨率: None, 平均帧率: 未知, 视频编解码器: 未知, 音频编解码器: 未知
分类: ☘️湖北频道, 名称: 湖北经视, 有效: 2, IPv4: 9, IPv6: 0, 最小延迟: 33 ms, 最高速率: 9.50 M/s, 平均速率: 6.35 M/s, 最高分辨率: 1280x720, 平均帧率: 未知, 视频编解码器: 未知, 音频编解码器: 未知
分类: ☘️湖北频道, 名称: 湖北影视, 有效: 1, IPv4: 9, IPv6: 0, 最小延迟: 35 ms, 最高速率: 9.50 M/s, 平均速率: 9.50 M/s, 最高分辨率: 1920x1080, 平均帧率: 未知, 视频编解码器: 未知, 音频编解码器: 未知
分类: ☘️天津频道, 名称: 天津都市, 有效: 2, IPv4: 2, IPv6: 0, 最小延迟: 164 ms, 最高速率: 8.01 M/s, 平均速率: 8.00 M/s, 最高分辨率: 1280x720, 平均帧率: 25.00, 视频编解码器: h264, 音频编解码器: aac
分类: ☘️湖北频道, 名称: 武汉新闻综合, 有效: 0, IPv4: 2, IPv6: 0, 最小延迟: 485 ms, 最高速率: 0.07 M/s, 平均速率: 0.00 M/s, 最高分辨率: None, 平均帧率: 未知, 视频编解码器: 未知, 音频编解码器: 未知
分类: ☘️天津频道, 名称: 天津新闻, 有效: 2, IPv4: 2, IPv6: 0, 最小延迟: 166 ms, 最高速率: 9.09 M/s, 平均速率: 8.15 M/s, 最高分辨率: 1280x720, 平均帧率: 未知, 视频编解码器: 未知, 音频编解码器: 未知
分类: ☘️天津频道, 名称: 天津文艺, 有效: 2, IPv4: 2, IPv6: 0, 最小延迟: 142 ms, 最高速率: 7.10 M/s, 平均速率: 6.86 M/s, 最高分辨率: 1280x720, 平均帧率: 未知, 视频编解码器: 未知, 音频编解码器: 未知
分类: ☘️天津频道, 名称: 津南一套, 有效: 0, IPv4: 1, IPv6: 0, 最小延迟: 62 ms, 最高速率: 3.64 M/s, 平均速率: 0.00 M/s, 最高分辨率: 720x576, 平均帧率: 25.00, 视频编解码器: h264, 音频编解码器: aac
分类: ☘️湖北频道, 名称: 湖北公共新闻, 有效: 0, IPv4: 4, IPv6: 0, 最小延迟: 499 ms, 最高速率: 0.00 M/s, 平均速率: 0.00 M/s, 最高分辨率: None, 平均帧率: 未知, 视频编解码器: 未知, 音频编解码器: 未知
分类: ☘️广西频道, 名称: 南宁都市生活, 有效: 1, IPv4: 3, IPv6: 0, 最小延迟: 1414 ms, 最高速率: 0.45 M/s, 平均速率: 0.45 M/s, 最高分辨率: 1280x720, 平均帧率: 未知, 视频编解码器: 未知, 音频编解码器: 未知
分类: ☘️湖北频道, 名称: 武汉文体, 有效: 0, IPv4: 2, IPv6: 0, 最小延迟: 495 ms, 最高速率: 0.00 M/s, 平均速率: 0.00 M/s, 最高分辨率: None, 平均帧率: 未知, 视频编解码器: 未知, 音频编解码器: 未知
分类: ☘️广西频道, 名称: 广西国际, 有效: 4, IPv4: 6, IPv6: 0, 最小延迟: 338 ms, 最高速率: 15.79 M/s, 平均速率: 10.81 M/s, 最高分辨率: 1920x1080, 平均帧率: 25.00, 视频编解码器: h264, 音频编解码器: aac
分类: ☘️湖北频道, 名称: 湖北垄上, 有效: 0, IPv4: 6, IPv6: 0, 最小延迟: 2554 ms, 最高速率: 0.12 M/s, 平均速率: 0.00 M/s, 最高分辨率: 1280x720, 平均帧率: 25.00, 视频编解码器: h264, 音频编解码器: aac
分类: ☘️天津频道, 名称: 武清综合, 有效: 0, IPv4: 1, IPv6: 0, 最小延迟: -1 ms, 最高速率: 0.00 M/s, 平均速率: 0.00 M/s, 最高分辨率: None, 平均帧率: 未知, 视频编解码器: 未知, 音频编解码器: 未知
分类: ☘️湖北频道, 名称: 崇阳综合, 有效: 0, IPv4: 1, IPv6: 0, 最小延迟: -1 ms, 最高速率: 0.00 M/s, 平均速率: 0.00 M/s, 最高分辨率: 1920x1080, 平均帧率: 未知, 视频编解码器: 未知, 音频编解码器: 未知
分类: ☘️四川频道, 名称: 凉山语, 有效: 0, IPv4: 2, IPv6: 0, 最小延迟: -1 ms, 最高速率: 0.00 M/s, 平均速率: 0.00 M/s, 最高分辨率: None, 平均帧率: 未知, 视频编解码器: 未知, 音频编解码器: 未知
分类: ☘️四川频道, 名称: 凉山新闻综合, 有效: 0, IPv4: 2, IPv6: 0, 最小延迟: -1 ms, 最高速率: 0.00 M/s, 平均速率: 0.00 M/s, 最高分辨率: None, 平均帧率: 未知, 视频编解码器: 未知, 音频编解码器: 未知
分类: ☘️四川频道, 名称: 利州综合, 有效: 0, IPv4: 2, IPv6: 0, 最小延迟: -1 ms, 最高速率: 0.00 M/s, 平均速率: 0.00 M/s, 最高分辨率: None, 平均帧率: 未知, 视频编解码器: 未知, 音频编解码器: 未知
分类: ☘️四川频道, 名称: 乐至综合, 有效: 3, IPv4: 3, IPv6: 0, 最小延迟: 2978 ms, 最高速率: 0.64 M/s, 平均速率: 0.60 M/s, 最高分辨率: 1920x1080, 平均帧率: 未知, 视频编解码器: 未知, 音频编解码器: 未知
分类: ☘️广西频道, 名称: 来宾综合, 有效: 0, IPv4: 1, IPv6: 0, 最小延迟: 7002 ms, 最高速率: 0.29 M/s, 平均速率: 0.00 M/s, 最高分辨率: 1920x1080, 平均帧率: 25.00, 视频编解码器: h264, 音频编解码器: aac
分类: ☘️四川频道, 名称: 井研综合, 有效: 1, IPv4: 1, IPv6: 0, 最小延迟: 3103 ms, 最高速率: 0.51 M/s, 平均速率: 0.51 M/s, 最高分辨率: 1920x1080, 平均帧率: 未知, 视频编解码器: 未知, 音频编解码器: 未知
分类: ☘️四川频道, 名称: 仁寿综合, 有效: 0, IPv4: 1, IPv6: 0, 最小延迟: 843 ms, 最高速率: 0.06 M/s, 平均速率: 0.00 M/s, 最高分辨率: None, 平均帧率: 未知, 视频编解码器: 未知, 音频编解码器: aac
分类: ☘️四川频道, 名称: 宜宾新闻综合, 有效: 0, IPv4: 1, IPv6: 0, 最小延迟: -1 ms, 最高速率: 0.00 M/s, 平均速率: 0.00 M/s, 最高分辨率: 1920x1080, 平均帧率: 未知, 视频编解码器: 未知, 音频编解码器: 未知
分类: ☘️四川频道, 名称: 叙永综合, 有效: 1, IPv4: 1, IPv6: 0, 最小延迟: 2078 ms, 最高速率: 0.56 M/s, 平均速率: 0.56 M/s, 最高分辨率: 1920x1080, 平均帧率: 未知, 视频编解码器: 未知, 音频编解码器: 未知
分类: ☘️广西频道, 名称: 南宁新闻综合, 有效: 2, IPv4: 7, IPv6: 0, 最小延迟: 1634 ms, 最高速率: 0.62 M/s, 平均速率: 0.49 M/s, 最高分辨率: 1920x1080, 平均帧率: 未知, 视频编解码器: 未知, 音频编解码器: 未知
分类: ☘️四川频道, 名称: 叙州新闻综合, 有效: 0, IPv4: 1, IPv6: 0, 最小延迟: -1 ms, 最高速率: 0.00 M/s, 平均速率: 0.00 M/s, 最高分辨率: None, 平均帧率: 未知, 视频编解码器: 未知, 音频编解码器: 未知
分类: ☘️四川频道, 名称: 广元公共, 有效: 1, IPv4: 1, IPv6: 0, 最小延迟: 3484 ms, 最高速率: 0.52 M/s, 平均速率: 0.52 M/s, 最高分辨率: 1280x720, 平均帧率: 未知, 视频编解码器: 未知, 音频编解码器: 未知
分类: ☘️四川频道, 名称: 广元综合, 有效: 1, IPv4: 1, IPv6: 0, 最小延迟: 3633 ms, 最高速率: 0.51 M/s, 平均速率: 0.51 M/s, 最高分辨率: 1280x720, 平均帧率: 未知, 视频编解码器: 未知, 音频编解码器: 未知
分类: ☘️广西频道, 名称: 贺州综合, 有效: 0, IPv4: 1, IPv6: 0, 最小延迟: -1 ms, 最高速率: 0.00 M/s, 平均速率: 0.00 M/s, 最高分辨率: None, 平均帧率: 未知, 视频编解码器: 未知, 音频编解码器: 未知
分类: ☘️四川频道, 名称: 剑阁综合, 有效: 0, IPv4: 1, IPv6: 0, 最小延迟: 3480 ms, 最高速率: 0.42 M/s, 平均速率: 0.00 M/s, 最高分辨率: 960x528, 平均帧率: 25.00, 视频编解码器: h264, 音频编解码器: aac
分类: ☘️广西频道, 名称: 北海新闻, 有效: 0, IPv4: 1, IPv6: 0, 最小延迟: -1 ms, 最高速率: 0.00 M/s, 平均速率: 0.00 M/s, 最高分辨率: None, 平均帧率: 未知, 视频编解码器: 未知, 音频编解码器: 未知
分类: ☘️广西频道, 名称: 广西新闻, 有效: 4, IPv4: 17, IPv6: 0, 最小延迟: 192 ms, 最高速率: 14.03 M/s, 平均速率: 12.73 M/s, 最高分辨率: 1920x1080, 平均帧率: 33.75, 视频编解码器: h264, 音频编解码器: aac
分类: ☘️广西频道, 名称: 桂林新闻, 有效: 0, IPv4: 1, IPv6: 0, 最小延迟: -1 ms, 最高速率: 0.00 M/s, 平均速率: 0.00 M/s, 最高分辨率: None, 平均帧率: 未知, 视频编解码器: 未知, 音频编解码器: 未知
分类: ☘️广西频道, 名称: 南宁影视娱乐, 有效: 1, IPv4: 3, IPv6: 0, 最小延迟: 1350 ms, 最高速率: 0.28 M/s, 平均速率: 0.28 M/s, 最高分辨率: 1280x720, 平均帧率: 未知, 视频编解码器: 未知, 音频编解码器: 未知
分类: ☘️四川频道, 名称: 四川科教, 有效: 0, IPv4: 3, IPv6: 0, 最小延迟: 515 ms, 最高速率: 0.24 M/s, 平均速率: 0.00 M/s, 最高分辨率: 1920x1080, 平均帧率: 25.00, 视频编解码器: h264, 音频编解码器: aac
分类: ☘️四川频道, 名称: 攀枝花新闻综合, 有效: 0, IPv4: 1, IPv6: 0, 最小延迟: -1 ms, 最高速率: 0.00 M/s, 平均速率: 0.00 M/s, 最高分辨率: None, 平均帧率: 未知, 视频编解码器: 未知, 音频编解码器: 未知
分类: ☘️四川频道, 名称: 沐川综合, 有效: 0, IPv4: 2, IPv6: 0, 最小延迟: -1 ms, 最高速率: 0.00 M/s, 平均速率: 0.00 M/s, 最高分辨率: 1920x1080, 平均帧率: 未知, 视频编解码器: 未知, 音频编解码器: 未知
分类: ☘️四川频道, 名称: 乐山新闻综合, 有效: 0, IPv4: 1, IPv6: 0, 最小延迟: -1 ms, 最高速率: 0.00 M/s, 平均速率: 0.00 M/s, 最高分辨率: None, 平均帧率: 未知, 视频编解码器: 未知, 音频编解码器: 未知
分类: ☘️四川频道, 名称: 成都高新电视, 有效: 1, IPv4: 1, IPv6: 0, 最小延迟: 1014 ms, 最高速率: 0.68 M/s, 平均速率: 0.68 M/s, 最高分辨率: 1280x720, 平均帧率: 未知, 视频编解码器: 未知, 音频编解码器: 未知
分类: ☘️四川频道, 名称: 沙湾综合, 有效: 0, IPv4: 1, IPv6: 0, 最小延迟: -1 ms, 最高速率: 0.00 M/s, 平均速率: 0.00 M/s, 最高分辨率: None, 平均帧率: 未知, 视频编解码器: 未知, 音频编解码器: 未知
分类: ☘️四川频道, 名称: 石棉综合, 有效: 0, IPv4: 1, IPv6: 0, 最小延迟: -1 ms, 最高速率: 0.00 M/s, 平均速率: 0.00 M/s, 最高分辨率: 1920x1080, 平均帧率: 未知, 视频编解码器: 未知, 音频编解码器: 未知
分类: ☘️四川频道, 名称: 筠连综合, 有效: 0, IPv4: 1, IPv6: 0, 最小延迟: -1 ms, 最高速率: 0.00 M/s, 平均速率: 0.00 M/s, 最高分辨率: None, 平均帧率: 未知, 视频编解码器: 未知, 音频编解码器: 未知
分类: ☘️四川频道, 名称: 双流综合, 有效: 0, IPv4: 2, IPv6: 0, 最小延迟: -1 ms, 最高速率: 0.00 M/s, 平均速率: 0.00 M/s, 最高分辨率: None, 平均帧率: 未知, 视频编解码器: 未知, 音频编解码器: 未知
分类: ☘️四川频道, 名称: 绵阳综合, 有效: 0, IPv4: 1, IPv6: 0, 最小延迟: -1 ms, 最高速率: 0.00 M/s, 平均速率: 0.00 M/s, 最高分辨率: None, 平均帧率: 未知, 视频编解码器: 未知, 音频编解码器: 未知
分类: ☘️四川频道, 名称: 营山电视台, 有效: 0, IPv4: 1, IPv6: 0, 最小延迟: -1 ms, 最高速率: 0.00 M/s, 平均速率: 0.00 M/s, 最高分辨率: None, 平均帧率: 未知, 视频编解码器: 未知, 音频编解码器: 未知
分类: ☘️四川频道, 名称: 绵阳科技, 有效: 0, IPv4: 1, IPv6: 0, 最小延迟: -1 ms, 最高速率: 0.00 M/s, 平均速率: 0.00 M/s, 最高分辨率: None, 平均帧率: 未知, 视频编解码器: 未知, 音频编解码器: 未知
分类: ☘️四川频道, 名称: 夹江新闻综合, 有效: 0, IPv4: 2, IPv6: 0, 最小延迟: -1 ms, 最高速率: 0.00 M/s, 平均速率: 0.00 M/s, 最高分辨率: None, 平均帧率: 未知, 视频编解码器: 未知, 音频编解码器: 未知
分类: ☘️四川频道, 名称: 小金综合, 有效: 0, IPv4: 1, IPv6: 0, 最小延迟: -1 ms, 最高速率: 0.00 M/s, 平均速率: 0.00 M/s, 最高分辨率: None, 平均帧率: 未知, 视频编解码器: 未知, 音频编解码器: 未知
分类: ☘️四川频道, 名称: 宝兴综合, 有效: 0, IPv4: 1, IPv6: 0, 最小延迟: -1 ms, 最高速率: 0.00 M/s, 平均速率: 0.00 M/s, 最高分辨率: None, 平均帧率: 未知, 视频编解码器: 未知, 音频编解码器: 未知
分类: ☘️四川频道, 名称: 长宁综合, 有效: 0, IPv4: 3, IPv6: 0, 最小延迟: -1 ms, 最高速率: 0.00 M/s, 平均速率: 0.00 M/s, 最高分辨率: 1920x1080, 平均帧率: 未知, 视频编解码器: 未知, 音频编解码器: 未知
分类: ☘️四川频道, 名称: 荥经综合, 有效: 1, IPv4: 1, IPv6: 0, 最小延迟: 2170 ms, 最高速率: 0.54 M/s, 平均速率: 0.54 M/s, 最高分辨率: 1920x1080, 平均帧率: 未知, 视频编解码器: 未知, 音频编解码器: 未知
分类: ☘️四川频道, 名称: 朝天综合, 有效: 0, IPv4: 1, IPv6: 0, 最小延迟: 4289 ms, 最高速率: 0.45 M/s, 平均速率: 0.00 M/s, 最高分辨率: 960x528, 平均帧率: 25.00, 视频编解码器: h264, 音频编解码器: aac
分类: ☘️四川频道, 名称: 青川综合, 有效: 1, IPv4: 1, IPv6: 0, 最小延迟: 2776 ms, 最高速率: 0.79 M/s, 平均速率: 0.79 M/s, 最高分辨率: 1920x1080, 平均帧率: 未知, 视频编解码器: 未知, 音频编解码器: 未知
分类: ☘️四川频道, 名称: 雅安新闻综合, 有效: 0, IPv4: 1, IPv6: 0, 最小延迟: 1914 ms, 最高速率: 0.35 M/s, 平均速率: 0.00 M/s, 最高分辨率: 1920x1080, 平均帧率: 未知, 视频编解码器: 未知, 音频编解码器: 未知
分类: ☘️四川频道, 名称: 昭化综合, 有效: 0, IPv4: 1, IPv6: 0, 最小延迟: -1 ms, 最高速率: 0.00 M/s, 平均速率: 0.00 M/s, 最高分辨率: None, 平均帧率: 未知, 视频编解码器: 未知, 音频编解码器: 未知
分类: ☘️四川频道, 名称: 康巴卫视, 有效: 3, IPv4: 26, IPv6: 0, 最小延迟: 46 ms, 最高速率: 101.64 M/s, 平均速率: 61.89 M/s, 最高分辨率: 1920x1080, 平均帧率: 25.00, 视频编解码器: h264, 音频编解码器: aac
分类: ☘️四川频道, 名称: 德阳公共, 有效: 0, IPv4: 2, IPv6: 0, 最小延迟: -1 ms, 最高速率: 0.00 M/s, 平均速率: 0.00 M/s, 最高分辨率: None, 平均帧率: 未知, 视频编解码器: 未知, 音频编解码器: 未知
分类: ☘️四川频道, 名称: 德阳新闻综合, 有效: 0, IPv4: 2, IPv6: 0, 最小延迟: -1 ms, 最高速率: 0.00 M/s, 平均速率: 0.00 M/s, 最高分辨率: None, 平均帧率: 未知, 视频编解码器: 未知, 音频编解码器: 未知
分类: ☘️四川频道, 名称: 龙泉驿新闻综合, 有效: 0, IPv4: 1, IPv6: 0, 最小延迟: -1 ms, 最高速率: 0.00 M/s, 平均速率: 0.00 M/s, 最高分辨率: None, 平均帧率: 未知, 视频编解码器: 未知, 音频编解码器: 未知
分类: ☘️四川频道, 名称: 甘孜综合, 有效: 0, IPv4: 2, IPv6: 0, 最小延迟: -1 ms, 最高速率: 0.00 M/s, 平均速率: 0.00 M/s, 最高分辨率: None, 平均帧率: 未知, 视频编解码器: 未知, 音频编解码器: 未知
分类: ☘️四川频道, 名称: 金川新闻综合, 有效: 0, IPv4: 5, IPv6: 0, 最小延迟: -1 ms, 最高速率: 0.00 M/s, 平均速率: 0.00 M/s, 最高分辨率: 1920x1080, 平均帧率: 未知, 视频编解码器: 未知, 音频编解码器: 未知
分类: ☘️四川频道, 名称: 金川乡村, 有效: 0, IPv4: 3, IPv6: 0, 最小延迟: -1 ms, 最高速率: 0.00 M/s, 平均速率: 0.00 M/s, 最高分辨率: None, 平均帧率: 未知, 视频编解码器: 未知, 音频编解码器: 未知
分类: ☘️四川频道, 名称: 青神综合, 有效: 0, IPv4: 2, IPv6: 0, 最小延迟: -1 ms, 最高速率: 0.00 M/s, 平均速率: 0.00 M/s, 最高分辨率: None, 平均帧率: 未知, 视频编解码器: 未知, 音频编解码器: 未知
分类: ☘️陕西频道, 名称: 陕西农林卫视, 有效: 0, IPv4: 1, IPv6: 0, 最小延迟: -1 ms, 最高速率: 0.00 M/s, 平均速率: 0.00 M/s, 最高分辨率: None, 平均帧率: 未知, 视频编解码器: 未知, 音频编解码器: 未知
分类: ☘️陕西频道, 名称: 陕西新闻资讯, 有效: 1, IPv4: 3, IPv6: 0, 最小延迟: 96 ms, 最高速率: 1.78 M/s, 平均速率: 1.78 M/s, 最高分辨率: 1280x720, 平均帧率: 未知, 视频编解码器: 未知, 音频编解码器: 未知
分类: ☘️陕西频道, 名称: 陕西都市青春, 有效: 1, IPv4: 4, IPv6: 0, 最小延迟: 98 ms, 最高速率: 2.08 M/s, 平均速率: 2.08 M/s, 最高分辨率: 1280x720, 平均帧率: 未知, 视频编解码器: 未知, 音频编解码器: 未知
分类: ☘️陕西频道, 名称: 陕西体育休闲, 有效: 0, IPv4: 2, IPv6: 0, 最小延迟: -1 ms, 最高速率: 0.00 M/s, 平均速率: 0.00 M/s, 最高分辨率: None, 平均帧率: 未知, 视频编解码器: 未知, 音频编解码器: 未知
分类: ☘️福建频道, 名称: 漳州新闻综合, 有效: 0, IPv4: 1, IPv6: 0, 最小延迟: -1 ms, 最高速率: 0.00 M/s, 平均速率: 0.00 M/s, 最高分辨率: None, 平均帧率: 未知, 视频编解码器: 未知, 音频编解码器: 未知
分类: ☘️福建频道, 名称: 晋江电视台, 有效: 1, IPv4: 1, IPv6: 0, 最小延迟: 3792 ms, 最高速率: 0.32 M/s, 平均速率: 0.32 M/s, 最高分辨率: 1280x720, 平均帧率: 未知, 视频编解码器: 未知, 音频编解码器: 未知
分类: ☘️福建频道, 名称: 福建新闻, 有效: 4, IPv4: 7, IPv6: 0, 最小延迟: 44 ms, 最高速率: 88.46 M/s, 平均速率: 74.26 M/s, 最高分辨率: 1920x1080, 平均帧率: 未知, 视频编解码器: 未知, 音频编解码器: aac
分类: ☘️福建频道, 名称: 福建电视剧, 有效: 4, IPv4: 5, IPv6: 0, 最小延迟: 66 ms, 最高速率: 82.52 M/s, 平均速率: 65.57 M/s, 最高分辨率: 1920x1080, 平均帧率: 未知, 视频编解码器: 未知, 音频编解码器: 未知
分类: ☘️福建频道, 名称: 福建综合, 有效: 4, IPv4: 7, IPv6: 0, 最小延迟: 58 ms, 最高速率: 82.45 M/s, 平均速率: 48.47 M/s, 最高分辨率: 1920x1080, 平均帧率: 未知, 视频编解码器: 未知, 音频编解码器: 未知
分类: ☘️福建频道, 名称: 福建公共, 有效: 2, IPv4: 3, IPv6: 0, 最小延迟: 56 ms, 最高速率: 81.29 M/s, 平均速率: 78.30 M/s, 最高分辨率: 1920x1080, 平均帧率: 未知, 视频编解码器: 未知, 音频编解码器: 未知
分类: ☘️福建频道, 名称: 福建少儿, 有效: 2, IPv4: 4, IPv6: 0, 最小延迟: 56 ms, 最高速率: 94.01 M/s, 平均速率: 61.79 M/s, 最高分辨率: 1920x1080, 平均帧率: 未知, 视频编解码器: 未知, 音频编解码器: 未知
分类: ☘️福建频道, 名称: 福建海峡卫视, 有效: 3, IPv4: 4, IPv6: 0, 最小延迟: 2275 ms, 最高速率: 0.71 M/s, 平均速率: 0.62 M/s, 最高分辨率: 1920x1080, 平均帧率: 未知, 视频编解码器: 未知, 音频编解码器: 未知
分类: ☘️福建频道, 名称: 漳浦综合, 有效: 0, IPv4: 3, IPv6: 0, 最小延迟: -1 ms, 最高速率: 0.00 M/s, 平均速率: 0.00 M/s, 最高分辨率: None, 平均帧率: 未知, 视频编解码器: 未知, 音频编解码器: 未知
分类: ☘️福建频道, 名称: 福建文体, 有效: 4, IPv4: 8, IPv6: 0, 最小延迟: 48 ms, 最高速率: 103.15 M/s, 平均速率: 86.42 M/s, 最高分辨率: 1920x1080, 平均帧率: 未知, 视频编解码器: 未知, 音频编解码器: 未知
分类: ☘️福建频道, 名称: 厦门卫视, 有效: 4, IPv4: 47, IPv6: 0, 最小延迟: 74 ms, 最高速率: 72.62 M/s, 平均速率: 36.23 M/s, 最高分辨率: 1920x1080, 平均帧率: 25.00, 视频编解码器: h264, 音频编解码器: mp2
分类: ☘️福建频道, 名称: 福建经济, 有效: 0, IPv4: 5, IPv6: 0, 最小延迟: 49 ms, 最高速率: 2.02 M/s, 平均速率: 0.00 M/s, 最高分辨率: None, 平均帧率: 未知, 视频编解码器: 未知, 音频编解码器: aac
分类: ☘️福建频道, 名称: 福建旅游, 有效: 4, IPv4: 9, IPv6: 0, 最小延迟: 46 ms, 最高速率: 102.97 M/s, 平均速率: 92.31 M/s, 最高分辨率: 1920x1080, 平均帧率: 未知, 视频编解码器: 未知, 音频编解码器: 未知
分类: ☘️福建频道, 名称: 龙岩综合, 有效: 0, IPv4: 2, IPv6: 0, 最小延迟: -1 ms, 最高速率: 0.00 M/s, 平均速率: 0.00 M/s, 最高分辨率: None, 平均帧率: 未知, 视频编解码器: 未知, 音频编解码器: 未知
分类: ☘️海南频道, 名称: 海南新闻, 有效: 1, IPv4: 5, IPv6: 0, 最小延迟: 2454 ms, 最高速率: 0.67 M/s, 平均速率: 0.67 M/s, 最高分辨率: 1920x1080, 平均帧率: 未知, 视频编解码器: 未知, 音频编解码器: 未知
分类: ☘️海南频道, 名称: 海南自贸, 有效: 0, IPv4: 7, IPv6: 0, 最小延迟: 2401 ms, 最高速率: 0.20 M/s, 平均速率: 0.00 M/s, 最高分辨率: None, 平均帧率: 未知, 视频编解码器: 未知, 音频编解码器: 未知
分类: ☘️海南频道, 名称: 海南文旅, 有效: 0, IPv4: 5, IPv6: 0, 最小延迟: 4483 ms, 最高速率: 0.15 M/s, 平均速率: 0.00 M/s, 最高分辨率: None, 平均帧率: 未知, 视频编解码器: 未知, 音频编解码器: 未知
分类: ☘️海南频道, 名称: 海南少儿, 有效: 0, IPv4: 7, IPv6: 0, 最小延迟: 1499 ms, 最高速率: 0.24 M/s, 平均速率: 0.00 M/s, 最高分辨率: None, 平均帧率: 未知, 视频编解码器: 未知, 音频编解码器: 未知
分类: ☘️海南频道, 名称: 海南公共, 有效: 0, IPv4: 5, IPv6: 0, 最小延迟: 1199 ms, 最高速率: 0.19 M/s, 平均速率: 0.00 M/s, 最高分辨率: 1280x720, 平均帧率: 25.00, 视频编解码器: h264, 音频编解码器: aac
分类: ☘️河南频道, 名称: 兰考新闻, 有效: 0, IPv4: 1, IPv6: 0, 最小延迟: -1 ms, 最高速率: 0.00 M/s, 平均速率: 0.00 M/s, 最高分辨率: None, 平均帧率: 未知, 视频编解码器: 未知, 音频编解码器: 未知
分类: ☘️河南频道, 名称: 光山综合, 有效: 0, IPv4: 1, IPv6: 0, 最小延迟: -1 ms, 最高速率: 0.00 M/s, 平均速率: 0.00 M/s, 最高分辨率: None, 平均帧率: 未知, 视频编解码器: 未知, 音频编解码器: 未知
分类: ☘️河南频道, 名称: 卫辉综合, 有效: 0, IPv4: 1, IPv6: 0, 最小延迟: -1 ms, 最高速率: 0.00 M/s, 平均速率: 0.00 M/s, 最高分辨率: None, 平均帧率: 未知, 视频编解码器: 未知, 音频编解码器: 未知
分类: ☘️河南频道, 名称: 临颍综合, 有效: 0, IPv4: 1, IPv6: 0, 最小延迟: -1 ms, 最高速率: 0.00 M/s, 平均速率: 0.00 M/s, 最高分辨率: None, 平均帧率: 未知, 视频编解码器: 未知, 音频编解码器: 未知
分类: ☘️河南频道, 名称: 唐河一套, 有效: 0, IPv4: 1, IPv6: 0, 最小延迟: -1 ms, 最高速率: 0.00 M/s, 平均速率: 0.00 M/s, 最高分辨率: None, 平均帧率: 未知, 视频编解码器: 未知, 音频编解码器: 未知
分类: ☘️河南频道, 名称: 宝丰综合, 有效: 0, IPv4: 1, IPv6: 0, 最小延迟: -1 ms, 最高速率: 0.00 M/s, 平均速率: 0.00 M/s, 最高分辨率: None, 平均帧率: 未知, 视频编解码器: 未知, 音频编解码器: 未知
分类: ☘️河南频道, 名称: 固始综合, 有效: 0, IPv4: 1, IPv6: 0, 最小延迟: -1 ms, 最高速率: 0.00 M/s, 平均速率: 0.00 M/s, 最高分辨率: None, 平均帧率: 未知, 视频编解码器: 未知, 音频编解码器: 未知
分类: ☘️河南频道, 名称: 梨园, 有效: 0, IPv4: 5, IPv6: 0, 最小延迟: 3957 ms, 最高速率: 0.18 M/s, 平均速率: 0.00 M/s, 最高分辨率: 1920x1080, 平均帧率: 25.00, 视频编解码器: h264, 音频编解码器: aac
分类: ☘️河南频道, 名称: 扶沟综合, 有效: 0, IPv4: 1, IPv6: 0, 最小延迟: -1 ms, 最高速率: 0.00 M/s, 平均速率: 0.00 M/s, 最高分辨率: None, 平均帧率: 未知, 视频编解码器: 未知, 音频编解码器: 未知
分类: ☘️河南频道, 名称: 新蔡综合, 有效: 0, IPv4: 1, IPv6: 0, 最小延迟: -1 ms, 最高速率: 0.00 M/s, 平均速率: 0.00 M/s, 最高分辨率: None, 平均帧率: 未知, 视频编解码器: 未知, 音频编解码器: 未知
分类: ☘️河南频道, 名称: 新县综合, 有效: 0, IPv4: 1, IPv6: 0, 最小延迟: -1 ms, 最高速率: 0.00 M/s, 平均速率: 0.00 M/s, 最高分辨率: None, 平均帧率: 未知, 视频编解码器: 未知, 音频编解码器: 未知
分类: ☘️河南频道, 名称: 温县综合, 有效: 0, IPv4: 1, IPv6: 0, 最小延迟: -1 ms, 最高速率: 0.00 M/s, 平均速率: 0.00 M/s, 最高分辨率: None, 平均帧率: 未知, 视频编解码器: 未知, 音频编解码器: 未知
分类: ☘️河南频道, 名称: 禹州综合, 有效: 0, IPv4: 1, IPv6: 0, 最小延迟: -1 ms, 最高速率: 0.00 M/s, 平均速率: 0.00 M/s, 最高分辨率: None, 平均帧率: 未知, 视频编解码器: 未知, 音频编解码器: 未知
分类: ☘️河南频道, 名称: 潢川综合, 有效: 0, IPv4: 1, IPv6: 0, 最小延迟: -1 ms, 最高速率: 0.00 M/s, 平均速率: 0.00 M/s, 最高分辨率: None, 平均帧率: 未知, 视频编解码器: 未知, 音频编解码器: 未知
分类: ☘️河南频道, 名称: 登封综合, 有效: 0, IPv4: 1, IPv6: 0, 最小延迟: -1 ms, 最高速率: 0.00 M/s, 平均速率: 0.00 M/s, 最高分辨率: None, 平均帧率: 未知, 视频编解码器: 未知, 音频编解码器: 未知
分类: ☘️河南频道, 名称: 西华综合, 有效: 0, IPv4: 1, IPv6: 0, 最小延迟: -1 ms, 最高速率: 0.00 M/s, 平均速率: 0.00 M/s, 最高分辨率: None, 平均帧率: 未知, 视频编解码器: 未知, 音频编解码器: 未知
分类: ☘️河南频道, 名称: 郏县综合, 有效: 0, IPv4: 1, IPv6: 0, 最小延迟: -1 ms, 最高速率: 0.00 M/s, 平均速率: 0.00 M/s, 最高分辨率: None, 平均帧率: 未知, 视频编解码器: 未知, 音频编解码器: 未知
分类: ☘️河南频道, 名称: 鄢陵综合, 有效: 0, IPv4: 1, IPv6: 0, 最小延迟: -1 ms, 最高速率: 0.00 M/s, 平均速率: 0.00 M/s, 最高分辨率: None, 平均帧率: 未知, 视频编解码器: 未知, 音频编解码器: 未知
分类: ☘️河南频道, 名称: 项城新闻, 有效: 0, IPv4: 2, IPv6: 0, 最小延迟: -1 ms, 最高速率: 0.00 M/s, 平均速率: 0.00 M/s, 最高分辨率: None, 平均帧率: 未知, 视频编解码器: 未知, 音频编解码器: 未知
分类: ☘️河南频道, 名称: 渑池新闻综合, 有效: 0, IPv4: 6, IPv6: 0, 最小延迟: 504 ms, 最高速率: 0.71 M/s, 平均速率: 0.00 M/s, 最高分辨率: None, 平均帧率: 未知, 视频编解码器: 未知, 音频编解码器: 未知
分类: ☘️河南频道, 名称: 邓州新闻, 有效: 0, IPv4: 1, IPv6: 0, 最小延迟: -1 ms, 最高速率: 0.00 M/s, 平均速率: 0.00 M/s, 最高分辨率: None, 平均帧率: 未知, 视频编解码器: 未知, 音频编解码器: 未知
分类: ☘️河南频道, 名称: 河南都市, 有效: 1, IPv4: 3, IPv6: 0, 最小延迟: 79 ms, 最高速率: 2.31 M/s, 平均速率: 2.31 M/s, 最高分辨率: 1280x720, 平均帧率: 未知, 视频编解码器: 未知, 音频编解码器: 未知
分类: ☘️河南频道, 名称: 荥阳综合, 有效: 0, IPv4: 1, IPv6: 0, 最小延迟: -1 ms, 最高速率: 0.00 M/s, 平均速率: 0.00 M/s, 最高分辨率: None, 平均帧率: 未知, 视频编解码器: 未知, 音频编解码器: 未知
分类: ☘️河南频道, 名称: 河南民生, 有效: 1, IPv4: 8, IPv6: 0, 最小延迟: 88 ms, 最高速率: 1.96 M/s, 平均速率: 1.96 M/s, 最高分辨率: 1280x720, 平均帧率: 未知, 视频编解码器: 未知, 音频编解码器: 未知
分类: ☘️河南频道, 名称: 许昌农业科教, 有效: 0, IPv4: 3, IPv6: 0, 最小延迟: 506 ms, 最高速率: 0.18 M/s, 平均速率: 0.00 M/s, 最高分辨率: None, 平均帧率: 未知, 视频编解码器: 未知, 音频编解码器: 未知
分类: ☘️河北频道, 名称: 河北都市, 有效: 0, IPv4: 2, IPv6: 0, 最小延迟: 984 ms, 最高速率: 0.31 M/s, 平均速率: 0.00 M/s, 最高分辨率: 960x540, 平均帧率: 25.00, 视频编解码器: h264, 音频编解码器: aac
分类: ☘️甘肃频道, 名称: 甘肃都市, 有效: 0, IPv4: 1, IPv6: 0, 最小延迟: 291 ms, 最高速率: 0.28 M/s, 平均速率: 0.00 M/s, 最高分辨率: None, 平均帧率: 未知, 视频编解码器: 未知, 音频编解码器: aac
分类: ☘️甘肃频道, 名称: 甘肃经济, 有效: 0, IPv4: 1, IPv6: 0, 最小延迟: 295 ms, 最高速率: 0.28 M/s, 平均速率: 0.00 M/s, 最高分辨率: None, 平均帧率: 未知, 视频编解码器: 未知, 音频编解码器: aac
分类: ☘️河南频道, 名称: 方城一套, 有效: 0, IPv4: 1, IPv6: 0, 最小延迟: -1 ms, 最高速率: 0.00 M/s, 平均速率: 0.00 M/s, 最高分辨率: None, 平均帧率: 未知, 视频编解码器: 未知, 音频编解码器: 未知
分类: ☘️河南频道, 名称: 永城综合, 有效: 0, IPv4: 1, IPv6: 0, 最小延迟: -1 ms, 最高速率: 0.00 M/s, 平均速率: 0.00 M/s, 最高分辨率: None, 平均帧率: 未知, 视频编解码器: 未知, 音频编解码器: 未知
分类: ☘️河南频道, 名称: 新野综合, 有效: 0, IPv4: 1, IPv6: 0, 最小延迟: -1 ms, 最高速率: 0.00 M/s, 平均速率: 0.00 M/s, 最高分辨率: None, 平均帧率: 未知, 视频编解码器: 未知, 音频编解码器: 未知
分类: ☘️甘肃频道, 名称: 卓尼综合, 有效: 0, IPv4: 2, IPv6: 0, 最小延迟: -1 ms, 最高速率: 0.00 M/s, 平均速率: 0.00 M/s, 最高分辨率: None, 平均帧率: 未知, 视频编解码器: 未知, 音频编解码器: 未知
分类: ☘️甘肃频道, 名称: 临潭综合, 有效: 0, IPv4: 1, IPv6: 0, 最小延迟: -1 ms, 最高速率: 0.00 M/s, 平均速率: 0.00 M/s, 最高分辨率: None, 平均帧率: 未知, 视频编解码器: 未知, 音频编解码器: 未知
分类: ☘️甘肃频道, 名称: 临洮综合, 有效: 0, IPv4: 2, IPv6: 0, 最小延迟: -1 ms, 最高速率: 0.00 M/s, 平均速率: 0.00 M/s, 最高分辨率: None, 平均帧率: 未知, 视频编解码器: 未知, 音频编解码器: 未知
分类: ☘️甘肃频道, 名称: 甘南综合, 有效: 0, IPv4: 2, IPv6: 0, 最小延迟: -1 ms, 最高速率: 0.00 M/s, 平均速率: 0.00 M/s, 最高分辨率: None, 平均帧率: 未知, 视频编解码器: 未知, 音频编解码器: 未知
分类: ☘️甘肃频道, 名称: 夏河综合, 有效: 0, IPv4: 1, IPv6: 0, 最小延迟: -1 ms, 最高速率: 0.00 M/s, 平均速率: 0.00 M/s, 最高分辨率: None, 平均帧率: 未知, 视频编解码器: 未知, 音频编解码器: 未知
分类: ☘️甘肃频道, 名称: 嘉峪关综合, 有效: 1, IPv4: 2, IPv6: 0, 最小延迟: 1845 ms, 最高速率: 0.89 M/s, 平均速率: 0.89 M/s, 最高分辨率: 1920x1080, 平均帧率: 未知, 视频编解码器: 未知, 音频编解码器: 未知
分类: ☘️甘肃频道, 名称: 天水新闻综合, 有效: 0, IPv4: 1, IPv6: 0, 最小延迟: -1 ms, 最高速率: 0.00 M/s, 平均速率: 0.00 M/s, 最高分辨率: None, 平均帧率: 未知, 视频编解码器: 未知, 音频编解码器: 未知
分类: ☘️甘肃频道, 名称: 定西综合, 有效: 0, IPv4: 2, IPv6: 0, 最小延迟: -1 ms, 最高速率: 0.00 M/s, 平均速率: 0.00 M/s, 最高分辨率: None, 平均帧率: 未知, 视频编解码器: 未知, 音频编解码器: 未知
分类: ☘️甘肃频道, 名称: 定西公共, 有效: 0, IPv4: 2, IPv6: 0, 最小延迟: -1 ms, 最高速率: 0.00 M/s, 平均速率: 0.00 M/s, 最高分辨率: None, 平均帧率: 未知, 视频编解码器: 未知, 音频编解码器: 未知
分类: ☘️河南频道, 名称: 宜阳综合, 有效: 0, IPv4: 1, IPv6: 0, 最小延迟: -1 ms, 最高速率: 0.00 M/s, 平均速率: 0.00 M/s, 最高分辨率: None, 平均帧率: 未知, 视频编解码器: 未知, 音频编解码器: 未知
分类: ☘️河南频道, 名称: 嵩县综合新闻, 有效: 0, IPv4: 4, IPv6: 0, 最小延迟: 522 ms, 最高速率: 0.34 M/s, 平均速率: 0.00 M/s, 最高分辨率: 720x576, 平均帧率: 25.00, 视频编解码器: h264, 音频编解码器: aac
分类: ☘️甘肃频道, 名称: 岷县综合, 有效: 0, IPv4: 2, IPv6: 0, 最小延迟: -1 ms, 最高速率: 0.00 M/s, 平均速率: 0.00 M/s, 最高分辨率: None, 平均帧率: 未知, 视频编解码器: 未知, 音频编解码器: 未知
分类: ☘️甘肃频道, 名称: 张掖新闻综合, 有效: 1, IPv4: 2, IPv6: 0, 最小延迟: 2409 ms, 最高速率: 0.70 M/s, 平均速率: 0.70 M/s, 最高分辨率: 1920x1080, 平均帧率: 未知, 视频编解码器: 未知, 音频编解码器: 未知
分类: ☘️甘肃频道, 名称: 白银综合, 有效: 1, IPv4: 1, IPv6: 0, 最小延迟: 1953 ms, 最高速率: 0.82 M/s, 平均速率: 0.82 M/s, 最高分辨率: 1920x1080, 平均帧率: 未知, 视频编解码器: 未知, 音频编解码器: 未知
分类: ☘️河南频道, 名称: 内乡综合, 有效: 0, IPv4: 1, IPv6: 0, 最小延迟: -1 ms, 最高速率: 0.00 M/s, 平均速率: 0.00 M/s, 最高分辨率: None, 平均帧率: 未知, 视频编解码器: 未知, 音频编解码器: 未知
分类: ☘️河南频道, 名称: 内黄综合, 有效: 0, IPv4: 1, IPv6: 0, 最小延迟: -1 ms, 最高速率: 0.00 M/s, 平均速率: 0.00 M/s, 最高分辨率: None, 平均帧率: 未知, 视频编解码器: 未知, 音频编解码器: 未知
分类: ☘️河北频道, 名称: 石家庄新闻综合, 有效: 1, IPv4: 3, IPv6: 0, 最小延迟: 514 ms, 最高速率: 0.68 M/s, 平均速率: 0.68 M/s, 最高分辨率: 1920x1080, 平均帧率: 未知, 视频编解码器: 未知, 音频编解码器: 未知
分类: ☘️甘肃频道, 名称: 玛曲综合, 有效: 0, IPv4: 1, IPv6: 0, 最小延迟: -1 ms, 最高速率: 0.00 M/s, 平均速率: 0.00 M/s, 最高分辨率: None, 平均帧率: 未知, 视频编解码器: 未知, 音频编解码器: 未知
分类: ☘️河南频道, 名称: 周口新闻综合, 有效: 0, IPv4: 3, IPv6: 0, 最小延迟: 521 ms, 最高速率: 0.35 M/s, 平均速率: 0.00 M/s, 最高分辨率: None, 平均帧率: 未知, 视频编解码器: 未知, 音频编解码器: 未知
分类: ☘️河北频道, 名称: 邯郸科技教育, 有效: 0, IPv4: 2, IPv6: 0, 最小延迟: 498 ms, 最高速率: 0.77 M/s, 平均速率: 0.00 M/s, 最高分辨率: None, 平均帧率: 未知, 视频编解码器: 未知, 音频编解码器: 未知
分类: ☘️甘肃频道, 名称: 天祝综合, 有效: 0, IPv4: 1, IPv6: 0, 最小延迟: 3313 ms, 最高速率: 1.60 M/s, 平均速率: 0.00 M/s, 最高分辨率: None, 平均帧率: 未知, 视频编解码器: 未知, 音频编解码器: 未知
分类: ☘️新疆频道, 名称: 巴音郭楞州, 有效: 0, IPv4: 1, IPv6: 0, 最小延迟: -1 ms, 最高速率: 0.00 M/s, 平均速率: 0.00 M/s, 最高分辨率: 1920x1080, 平均帧率: 未知, 视频编解码器: 未知, 音频编解码器: 未知
分类: ☘️甘肃频道, 名称: 永昌综合, 有效: 1, IPv4: 2, IPv6: 0, 最小延迟: 1632 ms, 最高速率: 0.94 M/s, 平均速率: 0.94 M/s, 最高分辨率: 1920x1080, 平均帧率: 未知, 视频编解码器: 未知, 音频编解码器: 未知
分类: ☘️甘肃频道, 名称: 舟曲新闻, 有效: 0, IPv4: 1, IPv6: 0, 最小延迟: -1 ms, 最高速率: 0.00 M/s, 平均速率: 0.00 M/s, 最高分辨率: None, 平均帧率: 未知, 视频编解码器: 未知, 音频编解码器: 未知
分类: ☘️甘肃频道, 名称: 西峰综合, 有效: 1, IPv4: 2, IPv6: 0, 最小延迟: 2020 ms, 最高速率: 0.62 M/s, 平均速率: 0.62 M/s, 最高分辨率: 1280x720, 平均帧率: 未知, 视频编解码器: 未知, 音频编解码器: 未知
分类: ☘️甘肃频道, 名称: 甘南藏语, 有效: 0, IPv4: 1, IPv6: 0, 最小延迟: -1 ms, 最高速率: 0.00 M/s, 平均速率: 0.00 M/s, 最高分辨率: None, 平均帧率: 未知, 视频编解码器: 未知, 音频编解码器: 未知
分类: ☘️甘肃频道, 名称: 通渭综合, 有效: 0, IPv4: 1, IPv6: 0, 最小延迟: -1 ms, 最高速率: 0.00 M/s, 平均速率: 0.00 M/s, 最高分辨率: None, 平均帧率: 未知, 视频编解码器: 未知, 音频编解码器: 未知
分类: ☘️甘肃频道, 名称: 秦安综合, 有效: 0, IPv4: 1, IPv6: 0, 最小延迟: -1 ms, 最高速率: 0.00 M/s, 平均速率: 0.00 M/s, 最高分辨率: 1920x1080, 平均帧率: 未知, 视频编解码器: 未知, 音频编解码器: 未知
分类: ☘️甘肃频道, 名称: 陇西综合, 有效: 0, IPv4: 1, IPv6: 0, 最小延迟: -1 ms, 最高速率: 0.00 M/s, 平均速率: 0.00 M/s, 最高分辨率: None, 平均帧率: 未知, 视频编解码器: 未知, 音频编解码器: 未知
分类: ☘️甘肃频道, 名称: 酒泉综合, 有效: 0, IPv4: 1, IPv6: 0, 最小延迟: -1 ms, 最高速率: 0.00 M/s, 平均速率: 0.00 M/s, 最高分辨率: None, 平均帧率: 未知, 视频编解码器: 未知, 音频编解码器: 未知
分类: ☘️甘肃频道, 名称: 金川综合, 有效: 0, IPv4: 1, IPv6: 0, 最小延迟: -1 ms, 最高速率: 0.00 M/s, 平均速率: 0.00 M/s, 最高分辨率: None, 平均帧率: 未知, 视频编解码器: 未知, 音频编解码器: 未知
分类: ☘️新疆频道, 名称: 哈密三套, 有效: 0, IPv4: 1, IPv6: 0, 最小延迟: -1 ms, 最高速率: 0.00 M/s, 平均速率: 0.00 M/s, 最高分辨率: 1920x1080, 平均帧率: 未知, 视频编解码器: 未知, 音频编解码器: 未知
分类: ☘️新疆频道, 名称: 哈密二套, 有效: 0, IPv4: 1, IPv6: 0, 最小延迟: -1 ms, 最高速率: 0.00 M/s, 平均速率: 0.00 M/s, 最高分辨率: 1920x1080, 平均帧率: 未知, 视频编解码器: 未知, 音频编解码器: 未知
分类: ☘️新疆频道, 名称: 奎屯哈萨克语, 有效: 0, IPv4: 2, IPv6: 0, 最小延迟: 1464 ms, 最高速率: 0.08 M/s, 平均速率: 0.00 M/s, 最高分辨率: 1920x1080, 平均帧率: 25.00, 视频编解码器: h264, 音频编解码器: aac
分类: ☘️山东频道, 名称: 山东新闻, 有效: 0, IPv4: 1, IPv6: 0, 最小延迟: -1 ms, 最高速率: 0.00 M/s, 平均速率: 0.00 M/s, 最高分辨率: None, 平均帧率: 未知, 视频编解码器: 未知, 音频编解码器: 未知
分类: ☘️河北频道, 名称: 河北农民, 有效: 0, IPv4: 2, IPv6: 0, 最小延迟: 1789 ms, 最高速率: 0.38 M/s, 平均速率: 0.00 M/s, 最高分辨率: 960x540, 平均帧率: 25.00, 视频编解码器: h264, 音频编解码器: aac
分类: ☘️新疆频道, 名称: 伊犁经济法制, 有效: 2, IPv4: 2, IPv6: 0, 最小延迟: 4288 ms, 最高速率: 1.14 M/s, 平均速率: 0.94 M/s, 最高分辨率: 1920x1080, 平均帧率: 未知, 视频编解码器: 未知, 音频编解码器: 未知
分类: ☘️新疆频道, 名称: 伊犁哈萨克, 有效: 2, IPv4: 2, IPv6: 0, 最小延迟: 4502 ms, 最高速率: 0.90 M/s, 平均速率: 0.84 M/s, 最高分辨率: 1920x1080, 平均帧率: 25.00, 视频编解码器: h264, 音频编解码器: aac
分类: ☘️新疆频道, 名称: 玛纳斯综合, 有效: 0, IPv4: 1, IPv6: 0, 最小延迟: 3277 ms, 最高速率: 0.19 M/s, 平均速率: 0.00 M/s, 最高分辨率: 1920x1080, 平均帧率: 25.00, 视频编解码器: h264, 音频编解码器: aac
分类: ☘️新疆频道, 名称: 奎屯汉语综合, 有效: 0, IPv4: 1, IPv6: 0, 最小延迟: 4321 ms, 最高速率: 0.28 M/s, 平均速率: 0.00 M/s, 最高分辨率: None, 平均帧率: 未知, 视频编解码器: h264, 音频编解码器: aac
分类: ☘️新疆频道, 名称: 兵团五师双河新闻综合, 有效: 0, IPv4: 2, IPv6: 0, 最小延迟: 1187 ms, 最高速率: 0.25 M/s, 平均速率: 0.00 M/s, 最高分辨率: 720x576, 平均帧率: 25.00, 视频编解码器: h264, 音频编解码器: aac
分类: ☘️新疆频道, 名称: 伊犁维吾尔, 有效: 1, IPv4: 2, IPv6: 0, 最小延迟: 4267 ms, 最高速率: 0.97 M/s, 平均速率: 0.83 M/s, 最高分辨率: 1920x1080, 平均帧率: 未知, 视频编解码器: 未知, 音频编解码器: 未知
分类: ☘️新疆频道, 名称: 兵团八师石河子新闻综合, 有效: 0, IPv4: 1, IPv6: 0, 最小延迟: -1 ms, 最高速率: 0.00 M/s, 平均速率: 0.00 M/s, 最高分辨率: None, 平均帧率: 未知, 视频编解码器: 未知, 音频编解码器: 未知
分类: ☘️新疆频道, 名称: 可克达拉综合, 有效: 0, IPv4: 2, IPv6: 0, 最小延迟: 2535 ms, 最高速率: 0.18 M/s, 平均速率: 0.00 M/s, 最高分辨率: 1920x1080, 平均帧率: 25.00, 视频编解码器: h264, 音频编解码器: aac
分类: ☘️新疆频道, 名称: 石河子影视文体, 有效: 0, IPv4: 1, IPv6: 0, 最小延迟: -1 ms, 最高速率: 0.00 M/s, 平均速率: 0.00 M/s, 最高分辨率: None, 平均帧率: 未知, 视频编解码器: 未知, 音频编解码器: 未知
分类: ☘️新疆频道, 名称: 兵团十三师新星综合, 有效: 0, IPv4: 1, IPv6: 0, 最小延迟: -1 ms, 最高速率: 0.00 M/s, 平均速率: 0.00 M/s, 最高分辨率: None, 平均帧率: 未知, 视频编解码器: 未知, 音频编解码器: 未知
分类: ☘️新疆频道, 名称: 兵团十四师昆玉综合, 有效: 0, IPv4: 1, IPv6: 0, 最小延迟: -1 ms, 最高速率: 0.00 M/s, 平均速率: 0.00 M/s, 最高分辨率: None, 平均帧率: 未知, 视频编解码器: 未知, 音频编解码器: 未知
分类: ☘️山东频道, 名称: 青州综合, 有效: 0, IPv4: 2, IPv6: 0, 最小延迟: -1 ms, 最高速率: 0.00 M/s, 平均速率: 0.00 M/s, 最高分辨率: None, 平均帧率: 未知, 视频编解码器: 未知, 音频编解码器: 未知
分类: ☘️山东频道, 名称: 威海一套新闻综合, 有效: 0, IPv4: 1, IPv6: 0, 最小延迟: -1 ms, 最高速率: 0.00 M/s, 平均速率: 0.00 M/s, 最高分辨率: None, 平均帧率: 未知, 视频编解码器: 未知, 音频编解码器: 未知
分类: ☘️山东频道, 名称: 济宁综合, 有效: 0, IPv4: 1, IPv6: 0, 最小延迟: -1 ms, 最高速率: 0.00 M/s, 平均速率: 0.00 M/s, 最高分辨率: None, 平均帧率: 未知, 视频编解码器: 未知, 音频编解码器: 未知
分类: ☘️山东频道, 名称: 青岛城阳, 有效: 0, IPv4: 2, IPv6: 0, 最小延迟: -1 ms, 最高速率: 0.00 M/s, 平均速率: 0.00 M/s, 最高分辨率: None, 平均帧率: 未知, 视频编解码器: 未知, 音频编解码器: 未知
分类: ☘️山东频道, 名称: 临沂公共, 有效: 0, IPv4: 1, IPv6: 0, 最小延迟: -1 ms, 最高速率: 0.00 M/s, 平均速率: 0.00 M/s, 最高分辨率: None, 平均帧率: 未知, 视频编解码器: 未知, 音频编解码器: 未知
分类: ☘️山东频道, 名称: 山东少儿, 有效: 0, IPv4: 3, IPv6: 0, 最小延迟: 6600 ms, 最高速率: 0.00 M/s, 平均速率: 0.00 M/s, 最高分辨率: None, 平均帧率: 未知, 视频编解码器: 未知, 音频编解码器: 未知
分类: ☘️山东频道, 名称: 山东教育, 有效: 3, IPv4: 10, IPv6: 0, 最小延迟: 74 ms, 最高速率: 1.77 M/s, 平均速率: 0.75 M/s, 最高分辨率: 1280x720, 平均帧率: 25.00, 视频编解码器: h264, 音频编解码器: aac
分类: ☘️山东频道, 名称: 山东居家购物, 有效: 3, IPv4: 12, IPv6: 0, 最小延迟: 469 ms, 最高速率: 0.61 M/s, 平均速率: 0.55 M/s, 最高分辨率: 1920x1080, 平均帧率: 未知, 视频编解码器: 未知, 音频编解码器: 未知
分类: ☘️山东频道, 名称: 山东农科, 有效: 0, IPv4: 2, IPv6: 0, 最小延迟: 6134 ms, 最高速率: 0.00 M/s, 平均速率: 0.00 M/s, 最高分辨率: None, 平均帧率: 未知, 视频编解码器: 未知, 音频编解码器: 未知
分类: ☘️山东频道, 名称: 山东生活, 有效: 0, IPv4: 2, IPv6: 0, 最小延迟: 6263 ms, 最高速率: 0.00 M/s, 平均速率: 0.00 M/s, 最高分辨率: None, 平均帧率: 未知, 视频编解码器: 未知, 音频编解码器: 未知
分类: ☘️山东频道, 名称: 山东文旅, 有效: 0, IPv4: 2, IPv6: 0, 最小延迟: 6937 ms, 最高速率: 0.00 M/s, 平均速率: 0.00 M/s, 最高分辨率: None, 平均帧率: 未知, 视频编解码器: 未知, 音频编解码器: 未知
分类: ☘️山东频道, 名称: 山东综艺, 有效: 0, IPv4: 3, IPv6: 0, 最小延迟: 6350 ms, 最高速率: 0.00 M/s, 平均速率: 0.00 M/s, 最高分辨率: None, 平均帧率: 未知, 视频编解码器: 未知, 音频编解码器: 未知
分类: ☘️山东频道, 名称: 济南都市, 有效: 0, IPv4: 1, IPv6: 0, 最小延迟: -1 ms, 最高速率: 0.00 M/s, 平均速率: 0.00 M/s, 最高分辨率: None, 平均帧率: 未知, 视频编解码器: 未知, 音频编解码器: 未知
分类: ☘️山东频道, 名称: 济南新闻综合, 有效: 0, IPv4: 1, IPv6: 0, 最小延迟: -1 ms, 最高速率: 0.00 M/s, 平均速率: 0.00 M/s, 最高分辨率: None, 平均帧率: 未知, 视频编解码器: 未知, 音频编解码器: 未知
分类: ☘️山东频道, 名称: 济南综合, 有效: 0, IPv4: 1, IPv6: 0, 最小延迟: -1 ms, 最高速率: 0.00 M/s, 平均速率: 0.00 M/s, 最高分辨率: None, 平均帧率: 未知, 视频编解码器: 未知, 音频编解码器: 未知
分类: ☘️山东频道, 名称: 山东体育, 有效: 0, IPv4: 5, IPv6: 0, 最小延迟: 6132 ms, 最高速率: 0.03 M/s, 平均速率: 0.00 M/s, 最高分辨率: None, 平均帧率: 未知, 视频编解码器: 未知, 音频编解码器: 未知
分类: ☘️山东频道, 名称: 山东齐鲁, 有效: 0, IPv4: 4, IPv6: 0, 最小延迟: 6905 ms, 最高速率: 0.08 M/s, 平均速率: 0.00 M/s, 最高分辨率: None, 平均帧率: 未知, 视频编解码器: 未知, 音频编解码器: 未知
分类: ☘️山东频道, 名称: 济南生活, 有效: 0, IPv4: 1, IPv6: 0, 最小延迟: -1 ms, 最高速率: 0.00 M/s, 平均速率: 0.00 M/s, 最高分辨率: None, 平均帧率: 未知, 视频编解码器: 未知, 音频编解码器: 未知
分类: ☘️山东频道, 名称: 菏泽影, 有效: 0, IPv4: 2, IPv6: 0, 最小延迟: -1 ms, 最高速率: 0.00 M/s, 平均速率: 0.00 M/s, 最高分辨率: None, 平均帧率: 未知, 视频编解码器: 未知, 音频编解码器: 未知
分类: ☘️山东频道, 名称: 济南少儿, 有效: 0, IPv4: 1, IPv6: 0, 最小延迟: -1 ms, 最高速率: 0.00 M/s, 平均速率: 0.00 M/s, 最高分辨率: None, 平均帧率: 未知, 视频编解码器: 未知, 音频编解码器: 未知
分类: ☘️山东频道, 名称: 济南娱乐, 有效: 0, IPv4: 1, IPv6: 0, 最小延迟: -1 ms, 最高速率: 0.00 M/s, 平均速率: 0.00 M/s, 最高分辨率: None, 平均帧率: 未知, 视频编解码器: 未知, 音频编解码器: 未知
分类: ☘️山东频道, 名称: 济南影视, 有效: 0, IPv4: 1, IPv6: 0, 最小延迟: -1 ms, 最高速率: 0.00 M/s, 平均速率: 0.00 M/s, 最高分辨率: None, 平均帧率: 未知, 视频编解码器: 未知, 音频编解码器: 未知
分类: ☘️山东频道, 名称: 济南鲁中, 有效: 0, IPv4: 1, IPv6: 0, 最小延迟: -1 ms, 最高速率: 0.00 M/s, 平均速率: 0.00 M/s, 最高分辨率: None, 平均帧率: 未知, 视频编解码器: 未知, 音频编解码器: 未知
分类: ☘️山东频道, 名称: 菏泽经济生活, 有效: 1, IPv4: 1, IPv6: 0, 最小延迟: 3237 ms, 最高速率: 0.45 M/s, 平均速率: 0.45 M/s, 最高分辨率: 1280x720, 平均帧率: 未知, 视频编解码器: 未知, 音频编解码器: 未知
分类: ☘️山东频道, 名称: 济宁公共, 有效: 0, IPv4: 2, IPv6: 0, 最小延迟: -1 ms, 最高速率: 0.00 M/s, 平均速率: 0.00 M/s, 最高分辨率: None, 平均帧率: 未知, 视频编解码器: 未知, 音频编解码器: 未知
分类: ☘️山西频道, 名称: 吉县新闻综合, 有效: 0, IPv4: 1, IPv6: 0, 最小延迟: -1 ms, 最高速率: 0.00 M/s, 平均速率: 0.00 M/s, 最高分辨率: None, 平均帧率: 未知, 视频编解码器: 未知, 音频编解码器: 未知
分类: ☘️山东频道, 名称: 东营综合, 有效: 0, IPv4: 2, IPv6: 0, 最小延迟: -1 ms, 最高速率: 0.00 M/s, 平均速率: 0.00 M/s, 最高分辨率: None, 平均帧率: 未知, 视频编解码器: 未知, 音频编解码器: 未知
分类: ☘️山东频道, 名称: 枣庄教育, 有效: 0, IPv4: 1, IPv6: 0, 最小延迟: -1 ms, 最高速率: 0.00 M/s, 平均速率: 0.00 M/s, 最高分辨率: None, 平均帧率: 未知, 视频编解码器: 未知, 音频编解码器: 未知
分类: ☘️山东频道, 名称: 日照科教, 有效: 0, IPv4: 1, IPv6: 0, 最小延迟: -1 ms, 最高速率: 0.00 M/s, 平均速率: 0.00 M/s, 最高分辨率: None, 平均帧率: 未知, 视频编解码器: 未知, 音频编解码器: 未知
分类: ☘️山东频道, 名称: 枣庄新闻综合, 有效: 0, IPv4: 1, IPv6: 0, 最小延迟: -1 ms, 最高速率: 0.00 M/s, 平均速率: 0.00 M/s, 最高分辨率: None, 平均帧率: 未知, 视频编解码器: 未知, 音频编解码器: 未知
分类: ☘️山东频道, 名称: 枣庄公共, 有效: 0, IPv4: 2, IPv6: 0, 最小延迟: -1 ms, 最高速率: 0.00 M/s, 平均速率: 0.00 M/s, 最高分辨率: None, 平均帧率: 未知, 视频编解码器: 未知, 音频编解码器: 未知
分类: ☘️山东频道, 名称: 临沂农科, 有效: 0, IPv4: 2, IPv6: 0, 最小延迟: -1 ms, 最高速率: 0.00 M/s, 平均速率: 0.00 M/s, 最高分辨率: None, 平均帧率: 未知, 视频编解码器: 未知, 音频编解码器: 未知
分类: ☘️山东频道, 名称: 中华美食, 有效: 0, IPv4: 1, IPv6: 0, 最小延迟: -1 ms, 最高速率: 0.00 M/s, 平均速率: 0.00 M/s, 最高分辨率: None, 平均帧率: 未知, 视频编解码器: 未知, 音频编解码器: 未知
分类: ☘️山西频道, 名称: 万荣综合, 有效: 0, IPv4: 1, IPv6: 0, 最小延迟: 3130 ms, 最高速率: 0.19 M/s, 平均速率: 0.00 M/s, 最高分辨率: 720x404, 平均帧率: 25.00, 视频编解码器: h264, 音频编解码器: aac
分类: ☘️山东频道, 名称: 淄博都市, 有效: 0, IPv4: 1, IPv6: 0, 最小延迟: -1 ms, 最高速率: 0.00 M/s, 平均速率: 0.00 M/s, 最高分辨率: None, 平均帧率: 未知, 视频编解码器: 未知, 音频编解码器: 未知
分类: ☘️山东频道, 名称: 淄博生活, 有效: 0, IPv4: 1, IPv6: 0, 最小延迟: -1 ms, 最高速率: 0.00 M/s, 平均速率: 0.00 M/s, 最高分辨率: None, 平均帧率: 未知, 视频编解码器: 未知, 音频编解码器: 未知
分类: ☘️山东频道, 名称: 滨州公共, 有效: 0, IPv4: 1, IPv6: 0, 最小延迟: -1 ms, 最高速率: 0.00 M/s, 平均速率: 0.00 M/s, 最高分辨率: None, 平均帧率: 未知, 视频编解码器: 未知, 音频编解码器: 未知
分类: ☘️山东频道, 名称: 潍坊新闻综合, 有效: 0, IPv4: 1, IPv6: 0, 最小延迟: -1 ms, 最高速率: 0.00 M/s, 平均速率: 0.00 M/s, 最高分辨率: None, 平均帧率: 未知, 视频编解码器: 未知, 音频编解码器: 未知
分类: ☘️山西频道, 名称: 定襄综合, 有效: 0, IPv4: 2, IPv6: 0, 最小延迟: 1393 ms, 最高速率: 0.18 M/s, 平均速率: 0.00 M/s, 最高分辨率: 1280x720, 平均帧率: 未知, 视频编解码器: 未知, 音频编解码器: 未知
分类: ☘️山西频道, 名称: 山西经济, 有效: 1, IPv4: 1, IPv6: 0, 最小延迟: 113 ms, 最高速率: 1.76 M/s, 平均速率: 1.76 M/s, 最高分辨率: 1280x720, 平均帧率: 未知, 视频编解码器: 未知, 音频编解码器: 未知
分类: ☘️山东频道, 名称: 菏泽新闻综合, 有效: 2, IPv4: 2, IPv6: 0, 最小延迟: 6344 ms, 最高速率: 0.28 M/s, 平均速率: 0.27 M/s, 最高分辨率: 1280x720, 平均帧率: 25.00, 视频编解码器: h264, 音频编解码器: aac
分类: ☘️山西频道, 名称: 太谷新闻综合, 有效: 0, IPv4: 2, IPv6: 0, 最小延迟: 1751 ms, 最高速率: 0.82 M/s, 平均速率: 0.00 M/s, 最高分辨率: 1024x768, 平均帧率: 25.00, 视频编解码器: h264, 音频编解码器: aac
分类: ☘️山东频道, 名称: 烟台公共, 有效: 0, IPv4: 3, IPv6: 0, 最小延迟: -1 ms, 最高速率: 0.00 M/s, 平均速率: 0.00 M/s, 最高分辨率: None, 平均帧率: 未知, 视频编解码器: 未知, 音频编解码器: 未知
分类: ☘️山西频道, 名称: 大宁综合, 有效: 0, IPv4: 1, IPv6: 0, 最小延迟: 1182 ms, 最高速率: 0.06 M/s, 平均速率: 0.00 M/s, 最高分辨率: None, 平均帧率: 未知, 视频编解码器: 未知, 音频编解码器: aac
分类: ☘️山东频道, 名称: 烟台新闻综合, 有效: 0, IPv4: 3, IPv6: 0, 最小延迟: -1 ms, 最高速率: 0.00 M/s, 平均速率: 0.00 M/s, 最高分辨率: None, 平均帧率: 未知, 视频编解码器: 未知, 音频编解码器: 未知
分类: ☘️山东频道, 名称: 烟台经济科技, 有效: 0, IPv4: 3, IPv6: 0, 最小延迟: -1 ms, 最高速率: 0.00 M/s, 平均速率: 0.00 M/s, 最高分辨率: None, 平均帧率: 未知, 视频编解码器: 未知, 音频编解码器: 未知
分类: ☘️山西频道, 名称: 武乡新闻综合, 有效: 0, IPv4: 2, IPv6: 0, 最小延迟: -1 ms, 最高速率: 0.00 M/s, 平均速率: 0.00 M/s, 最高分辨率: None, 平均帧率: 未知, 视频编解码器: 未知, 音频编解码器: 未知
分类: ☘️山西频道, 名称: 汾西综合, 有效: 0, IPv4: 1, IPv6: 0, 最小延迟: 1809 ms, 最高速率: 0.34 M/s, 平均速率: 0.00 M/s, 最高分辨率: 1920x1080, 平均帧率: 未知, 视频编解码器: 未知, 音频编解码器: 未知
分类: ☘️山西频道, 名称: 黎城综合, 有效: 0, IPv4: 2, IPv6: 0, 最小延迟: -1 ms, 最高速率: 0.00 M/s, 平均速率: 0.00 M/s, 最高分辨率: 1920x1080, 平均帧率: 未知, 视频编解码器: 未知, 音频编解码器: 未知
分类: ☘️安徽频道, 名称: 安徽国际, 有效: 0, IPv4: 3, IPv6: 0, 最小延迟: -1 ms, 最高速率: 0.00 M/s, 平均速率: 0.00 M/s, 最高分辨率: None, 平均帧率: 未知, 视频编解码器: 未知, 音频编解码器: 未知
分类: ☘️山西频道, 名称: 五台综合, 有效: 0, IPv4: 1, IPv6: 0, 最小延迟: -1 ms, 最高速率: 0.00 M/s, 平均速率: 0.00 M/s, 最高分辨率: None, 平均帧率: 未知, 视频编解码器: 未知, 音频编解码器: 未知
分类: ☘️山西频道, 名称: 怀仁综合, 有效: 0, IPv4: 2, IPv6: 0, 最小延迟: 1112 ms, 最高速率: 0.36 M/s, 平均速率: 0.00 M/s, 最高分辨率: 1920x1080, 平均帧率: 未知, 视频编解码器: 未知, 音频编解码器: 未知
分类: ☘️山西频道, 名称: 闻喜综合, 有效: 0, IPv4: 1, IPv6: 0, 最小延迟: 6736 ms, 最高速率: 0.32 M/s, 平均速率: 0.00 M/s, 最高分辨率: 1920x1080, 平均帧率: 未知, 视频编解码器: 未知, 音频编解码器: 未知
分类: ☘️山西频道, 名称: 长子综合, 有效: 0, IPv4: 1, IPv6: 0, 最小延迟: 6634 ms, 最高速率: 0.42 M/s, 平均速率: 0.00 M/s, 最高分辨率: 1920x1080, 平均帧率: 未知, 视频编解码器: 未知, 音频编解码器: 未知
分类: ☘️山西频道, 名称: 古县综合, 有效: 0, IPv4: 2, IPv6: 0, 最小延迟: 1448 ms, 最高速率: 0.26 M/s, 平均速率: 0.00 M/s, 最高分辨率: None, 平均帧率: 未知, 视频编解码器: 未知, 音频编解码器: 未知
分类: ☘️山西频道, 名称: 山西影视, 有效: 1, IPv4: 3, IPv6: 0, 最小延迟: 126 ms, 最高速率: 1.55 M/s, 平均速率: 1.55 M/s, 最高分辨率: 1280x720, 平均帧率: 未知, 视频编解码器: 未知, 音频编解码器: 未知
分类: ☘️山西频道, 名称: 阳曲综合, 有效: 0, IPv4: 2, IPv6: 0, 最小延迟: 1290 ms, 最高速率: 0.21 M/s, 平均速率: 0.00 M/s, 最高分辨率: None, 平均帧率: 未知, 视频编解码器: 未知, 音频编解码器: 未知
分类: ☘️安徽频道, 名称: 祁门综合, 有效: 0, IPv4: 2, IPv6: 0, 最小延迟: -1 ms, 最高速率: 0.00 M/s, 平均速率: 0.00 M/s, 最高分辨率: 1920x1080, 平均帧率: 未知, 视频编解码器: 未知, 音频编解码器: 未知
分类: ☘️山西频道, 名称: 襄汾综合, 有效: 0, IPv4: 1, IPv6: 0, 最小延迟: -1 ms, 最高速率: 0.00 M/s, 平均速率: 0.00 M/s, 最高分辨率: 1920x1080, 平均帧率: 未知, 视频编解码器: 未知, 音频编解码器: 未知
分类: ☘️山西频道, 名称: 山西文体生活, 有效: 1, IPv4: 7, IPv6: 0, 最小延迟: 115 ms, 最高速率: 1.76 M/s, 平均速率: 1.76 M/s, 最高分辨率: 1280x720, 平均帧率: 未知, 视频编解码器: 未知, 音频编解码器: 未知
分类: ☘️山西频道, 名称: 山西社会与法治, 有效: 1, IPv4: 7, IPv6: 0, 最小延迟: 80 ms, 最高速率: 2.11 M/s, 平均速率: 2.11 M/s, 最高分辨率: 1280x720, 平均帧率: 未知, 视频编解码器: 未知, 音频编解码器: 未知
分类: ☘️山西频道, 名称: 山西经济与科技, 有效: 0, IPv4: 7, IPv6: 0, 最小延迟: 490 ms, 最高速率: 0.40 M/s, 平均速率: 0.00 M/s, 最高分辨率: 1920x1080, 平均帧率: 未知, 视频编解码器: 未知, 音频编解码器: 未知
分类: ☘️山西频道, 名称: 平遥新闻综合, 有效: 0, IPv4: 1, IPv6: 0, 最小延迟: 1120 ms, 最高速率: 0.00 M/s, 平均速率: 0.00 M/s, 最高分辨率: None, 平均帧率: 未知, 视频编解码器: 未知, 音频编解码器: 未知
分类: ☘️安徽频道, 名称: 固镇新闻, 有效: 0, IPv4: 3, IPv6: 0, 最小延迟: 1442 ms, 最高速率: 0.34 M/s, 平均速率: 0.00 M/s, 最高分辨率: 1920x1080, 平均帧率: 25.00, 视频编解码器: h264, 音频编解码器: aac
分类: ☘️宁夏频道, 名称: 宁夏公共, 有效: 0, IPv4: 1, IPv6: 0, 最小延迟: -1 ms, 最高速率: 0.00 M/s, 平均速率: 0.00 M/s, 最高分辨率: None, 平均帧率: 未知, 视频编解码器: 未知, 音频编解码器: 未知
分类: ☘️宁夏频道, 名称: 宁夏经济, 有效: 0, IPv4: 1, IPv6: 0, 最小延迟: -1 ms, 最高速率: 0.00 M/s, 平均速率: 0.00 M/s, 最高分辨率: None, 平均帧率: 未知, 视频编解码器: 未知, 音频编解码器: 未知
分类: ☘️安徽频道, 名称: 广德生活, 有效: 0, IPv4: 1, IPv6: 0, 最小延迟: 1862 ms, 最高速率: 0.42 M/s, 平均速率: 0.00 M/s, 最高分辨率: 1920x1080, 平均帧率: 未知, 视频编解码器: 未知, 音频编解码器: 未知
分类: ☘️宁夏频道, 名称: 宁夏少儿, 有效: 0, IPv4: 1, IPv6: 0, 最小延迟: -1 ms, 最高速率: 0.00 M/s, 平均速率: 0.00 M/s, 最高分辨率: None, 平均帧率: 未知, 视频编解码器: 未知, 音频编解码器: 未知
分类: ☘️安徽频道, 名称: 灵璧综合, 有效: 0, IPv4: 1, IPv6: 0, 最小延迟: 3297 ms, 最高速率: 0.21 M/s, 平均速率: 0.00 M/s, 最高分辨率: 640x480, 平均帧率: 25.00, 视频编解码器: h264, 音频编解码器: aac
分类: ☘️山西频道, 名称: 黄河电视台, 有效: 0, IPv4: 2, IPv6: 0, 最小延迟: -1 ms, 最高速率: 0.00 M/s, 平均速率: 0.00 M/s, 最高分辨率: None, 平均帧率: 未知, 视频编解码器: 未知, 音频编解码器: 未知
分类: ☘️安徽频道, 名称: 六安新闻综合, 有效: 0, IPv4: 1, IPv6: 0, 最小延迟: -1 ms, 最高速率: 0.00 M/s, 平均速率: 0.00 M/s, 最高分辨率: None, 平均帧率: 未知, 视频编解码器: 未知, 音频编解码器: 未知
分类: ☘️安徽频道, 名称: 六安公共, 有效: 0, IPv4: 1, IPv6: 0, 最小延迟: -1 ms, 最高速率: 0.00 M/s, 平均速率: 0.00 M/s, 最高分辨率: None, 平均帧率: 未知, 视频编解码器: 未知, 音频编解码器: 未知
分类: ☘️安徽频道, 名称: 安徽影视, 有效: 0, IPv4: 3, IPv6: 0, 最小延迟: -1 ms, 最高速率: 0.00 M/s, 平均速率: 0.00 M/s, 最高分辨率: None, 平均帧率: 未知, 视频编解码器: 未知, 音频编解码器: 未知
分类: ☘️安徽频道, 名称: 安徽经济生活, 有效: 0, IPv4: 2, IPv6: 0, 最小延迟: -1 ms, 最高速率: 0.00 M/s, 平均速率: 0.00 M/s, 最高分辨率: None, 平均帧率: 未知, 视频编解码器: 未知, 音频编解码器: 未知
分类: ☘️吉林频道, 名称: 吉林都市, 有效: 1, IPv4: 5, IPv6: 0, 最小延迟: 121 ms, 最高速率: 4.13 M/s, 平均速率: 4.13 M/s, 最高分辨率: 1280x720, 平均帧率: 未知, 视频编解码器: 未知, 音频编解码器: 未知
分类: ☘️安徽频道, 名称: 安徽综艺体育, 有效: 0, IPv4: 2, IPv6: 0, 最小延迟: -1 ms, 最高速率: 0.00 M/s, 平均速率: 0.00 M/s, 最高分辨率: None, 平均帧率: 未知, 视频编解码器: 未知, 音频编解码器: 未知
分类: ☘️吉林频道, 名称: 吉林乡村, 有效: 0, IPv4: 3, IPv6: 0, 最小延迟: 59 ms, 最高速率: 1.85 M/s, 平均速率: 0.00 M/s, 最高分辨率: None, 平均帧率: 未知, 视频编解码器: 未知, 音频编解码器: aac
分类: ☘️安徽频道, 名称: 安徽导视, 有效: 0, IPv4: 2, IPv6: 0, 最小延迟: 1172 ms, 最高速率: 0.26 M/s, 平均速率: 0.00 M/s, 最高分辨率: 1920x1080, 平均帧率: 30.00, 视频编解码器: h264, 音频编解码器: aac
分类: ☘️吉林频道, 名称: 长白山电视台, 有效: 0, IPv4: 1, IPv6: 0, 最小延迟: 828 ms, 最高速率: 0.10 M/s, 平均速率: 0.00 M/s, 最高分辨率: 320x240, 平均帧率: 25.00, 视频编解码器: h264, 音频编解码器: aac
分类: ☘️吉林频道, 名称: 德惠综合, 有效: 0, IPv4: 2, IPv6: 0, 最小延迟: 1288 ms, 最高速率: 0.19 M/s, 平均速率: 0.00 M/s, 最高分辨率: 720x576, 平均帧率: 25.00, 视频编解码器: h264, 音频编解码器: aac
分类: ☘️吉林频道, 名称: 九台综合, 有效: 0, IPv4: 2, IPv6: 0, 最小延迟: 1413 ms, 最高速率: 0.25 M/s, 平均速率: 0.00 M/s, 最高分辨率: 720x576, 平均帧率: 25.00, 视频编解码器: h264, 音频编解码器: aac
分类: ☘️安徽频道, 名称: 黄山新闻综合, 有效: 0, IPv4: 1, IPv6: 0, 最小延迟: -1 ms, 最高速率: 0.00 M/s, 平均速率: 0.00 M/s, 最高分辨率: None, 平均帧率: 未知, 视频编解码器: 未知, 音频编解码器: 未知
分类: ☘️安徽频道, 名称: 阜南新闻综合, 有效: 0, IPv4: 1, IPv6: 0, 最小延迟: -1 ms, 最高速率: 0.00 M/s, 平均速率: 0.00 M/s, 最高分辨率: None, 平均帧率: 未知, 视频编解码器: 未知, 音频编解码器: 未知
分类: ☘️安徽频道, 名称: 霍邱新闻综合, 有效: 0, IPv4: 1, IPv6: 0, 最小延迟: -1 ms, 最高速率: 0.00 M/s, 平均速率: 0.00 M/s, 最高分辨率: None, 平均帧率: 未知, 视频编解码器: 未知, 音频编解码器: 未知
分类: ☘️吉林频道, 名称: 靖宇综合, 有效: 0, IPv4: 2, IPv6: 0, 最小延迟: 1226 ms, 最高速率: 0.23 M/s, 平均速率: 0.00 M/s, 最高分辨率: 720x576, 平均帧率: 25.00, 视频编解码器: h264, 音频编解码器: aac
分类: ☘️吉林频道, 名称: 吉林生活, 有效: 1, IPv4: 5, IPv6: 0, 最小延迟: 151 ms, 最高速率: 5.82 M/s, 平均速率: 5.82 M/s, 最高分辨率: 1280x720, 平均帧率: 未知, 视频编解码器: 未知, 音频编解码器: 未知
分类: ☘️安徽频道, 名称: 芜湖新闻综合, 有效: 0, IPv4: 1, IPv6: 0, 最小延迟: -1 ms, 最高速率: 0.00 M/s, 平均速率: 0.00 M/s, 最高分辨率: None, 平均帧率: 未知, 视频编解码器: 未知, 音频编解码器: 未知
分类: ☘️安徽频道, 名称: 铜陵新闻综合, 有效: 0, IPv4: 1, IPv6: 0, 最小延迟: -1 ms, 最高速率: 0.00 M/s, 平均速率: 0.00 M/s, 最高分辨率: None, 平均帧率: 未知, 视频编解码器: 未知, 音频编解码器: 未知
分类: ☘️安徽频道, 名称: 繁昌新闻综合, 有效: 0, IPv4: 1, IPv6: 0, 最小延迟: -1 ms, 最高速率: 0.00 M/s, 平均速率: 0.00 M/s, 最高分辨率: None, 平均帧率: 未知, 视频编解码器: 未知, 音频编解码器: 未知
分类: ☘️安徽频道, 名称: 涡阳新闻综合, 有效: 0, IPv4: 1, IPv6: 0, 最小延迟: -1 ms, 最高速率: 0.00 M/s, 平均速率: 0.00 M/s, 最高分辨率: None, 平均帧率: 未知, 视频编解码器: 未知, 音频编解码器: 未知
分类: ☘️安徽频道, 名称: 滁州新闻综合, 有效: 0, IPv4: 1, IPv6: 0, 最小延迟: -1 ms, 最高速率: 0.00 M/s, 平均速率: 0.00 M/s, 最高分辨率: None, 平均帧率: 未知, 视频编解码器: 未知, 音频编解码器: 未知
分类: ☘️安徽频道, 名称: 淮南新闻综合, 有效: 0, IPv4: 1, IPv6: 0, 最小延迟: -1 ms, 最高速率: 0.00 M/s, 平均速率: 0.00 M/s, 最高分辨率: None, 平均帧率: 未知, 视频编解码器: 未知, 音频编解码器: 未知
分类: ☘️吉林频道, 名称: 敦化一套, 有效: 0, IPv4: 2, IPv6: 0, 最小延迟: 816 ms, 最高速率: 0.10 M/s, 平均速率: 0.00 M/s, 最高分辨率: 320x240, 平均帧率: 25.00, 视频编解码器: h264, 音频编解码器: aac
分类: ☘️吉林频道, 名称: 珲春新闻综合, 有效: 0, IPv4: 1, IPv6: 0, 最小延迟: 1340 ms, 最高速率: 0.19 M/s, 平均速率: 0.00 M/s, 最高分辨率: 720x576, 平均帧率: 25.00, 视频编解码器: h264, 音频编解码器: aac
分类: ☘️吉林频道, 名称: 龙井综合, 有效: 0, IPv4: 2, IPv6: 0, 最小延迟: 588 ms, 最高速率: 0.24 M/s, 平均速率: 0.00 M/s, 最高分辨率: 720x576, 平均帧率: 25.00, 视频编解码器: h264, 音频编解码器: aac
分类: ☘️安徽频道, 名称: 广德新闻综合, 有效: 0, IPv4: 1, IPv6: 0, 最小延迟: -1 ms, 最高速率: 0.00 M/s, 平均速率: 0.00 M/s, 最高分辨率: None, 平均帧率: 未知, 视频编解码器: 未知, 音频编解码器: 未知
分类: ☘️安徽频道, 名称: 池州新闻综合, 有效: 0, IPv4: 1, IPv6: 0, 最小延迟: -1 ms, 最高速率: 0.00 M/s, 平均速率: 0.00 M/s, 最高分辨率: None, 平均帧率: 未知, 视频编解码器: 未知, 音频编解码器: 未知
分类: ☘️安徽频道, 名称: 宿州新闻综合, 有效: 0, IPv4: 1, IPv6: 0, 最小延迟: -1 ms, 最高速率: 0.00 M/s, 平均速率: 0.00 M/s, 最高分辨率: None, 平均帧率: 未知, 视频编解码器: 未知, 音频编解码器: 未知
分类: ☘️吉林频道, 名称: 桦甸综合, 有效: 0, IPv4: 2, IPv6: 0, 最小延迟: 597 ms, 最高速率: 0.27 M/s, 平均速率: 0.00 M/s, 最高分辨率: 720x576, 平均帧率: 25.00, 视频编解码器: h264, 音频编解码器: aac
分类: ☘️吉林频道, 名称: 梅河口综合, 有效: 0, IPv4: 1, IPv6: 0, 最小延迟: 567 ms, 最高速率: 0.06 M/s, 平均速率: 0.00 M/s, 最高分辨率: None, 平均帧率: 未知, 视频编解码器: 未知, 音频编解码器: aac
分类: ☘️内蒙古频道, 名称: 内蒙经济, 有效: 0, IPv4: 1, IPv6: 0, 最小延迟: -1 ms, 最高速率: 0.00 M/s, 平均速率: 0.00 M/s, 最高分辨率: None, 平均帧率: 未知, 视频编解码器: 未知, 音频编解码器: 未知
分类: ☘️内蒙古频道, 名称: 内蒙新闻, 有效: 0, IPv4: 1, IPv6: 0, 最小延迟: -1 ms, 最高速率: 0.00 M/s, 平均速率: 0.00 M/s, 最高分辨率: None, 平均帧率: 未知, 视频编解码器: 未知, 音频编解码器: 未知
分类: ☘️内蒙古频道, 名称: 内蒙少儿, 有效: 0, IPv4: 1, IPv6: 0, 最小延迟: -1 ms, 最高速率: 0.00 M/s, 平均速率: 0.00 M/s, 最高分辨率: None, 平均帧率: 未知, 视频编解码器: 未知, 音频编解码器: 未知
分类: ☘️内蒙古频道, 名称: 内蒙文体, 有效: 0, IPv4: 1, IPv6: 0, 最小延迟: -1 ms, 最高速率: 0.00 M/s, 平均速率: 0.00 M/s, 最高分辨率: None, 平均帧率: 未知, 视频编解码器: 未知, 音频编解码器: 未知
分类: ☘️吉林频道, 名称: 磐石综合, 有效: 0, IPv4: 3, IPv6: 0, 最小延迟: 599 ms, 最高速率: 0.41 M/s, 平均速率: 0.00 M/s, 最高分辨率: 720x576, 平均帧率: 25.00, 视频编解码器: h264, 音频编解码器: aac
分类: ☘️安徽频道, 名称: 休宁新闻综合, 有效: 0, IPv4: 1, IPv6: 0, 最小延迟: -1 ms, 最高速率: 0.00 M/s, 平均速率: 0.00 M/s, 最高分辨率: None, 平均帧率: 未知, 视频编解码器: 未知, 音频编解码器: 未知
分类: ☘️安徽频道, 名称: 南陵新闻综合, 有效: 0, IPv4: 1, IPv6: 0, 最小延迟: -1 ms, 最高速率: 0.00 M/s, 平均速率: 0.00 M/s, 最高分辨率: None, 平均帧率: 未知, 视频编解码器: 未知, 音频编解码器: 未知
分类: ☘️吉林频道, 名称: 舒兰新闻综合, 有效: 0, IPv4: 3, IPv6: 0, 最小延迟: 1325 ms, 最高速率: 0.22 M/s, 平均速率: 0.00 M/s, 最高分辨率: 720x576, 平均帧率: 25.00, 视频编解码器: h264, 音频编解码器: aac
分类: ☘️吉林频道, 名称: 双辽综合, 有效: 0, IPv4: 3, IPv6: 0, 最小延迟: 588 ms, 最高速率: 0.10 M/s, 平均速率: 0.00 M/s, 最高分辨率: 320x240, 平均帧率: 25.00, 视频编解码器: h264, 音频编解码器: aac
分类: ☘️云南频道, 名称: 开远综合, 有效: 0, IPv4: 1, IPv6: 0, 最小延迟: -1 ms, 最高速率: 0.00 M/s, 平均速率: 0.00 M/s, 最高分辨率: None, 平均帧率: 未知, 视频编解码器: 未知, 音频编解码器: 未知
分类: ☘️云南频道, 名称: 施甸综合, 有效: 0, IPv4: 1, IPv6: 0, 最小延迟: -1 ms, 最高速率: 0.00 M/s, 平均速率: 0.00 M/s, 最高分辨率: None, 平均帧率: 未知, 视频编解码器: 未知, 音频编解码器: 未知
分类: ☘️云南频道, 名称: 屏边综合, 有效: 0, IPv4: 1, IPv6: 0, 最小延迟: -1 ms, 最高速率: 0.00 M/s, 平均速率: 0.00 M/s, 最高分辨率: None, 平均帧率: 未知, 视频编解码器: 未知, 音频编解码器: 未知
分类: ☘️云南频道, 名称: 峨山电视, 有效: 0, IPv4: 1, IPv6: 0, 最小延迟: -1 ms, 最高速率: 0.00 M/s, 平均速率: 0.00 M/s, 最高分辨率: None, 平均帧率: 未知, 视频编解码器: 未知, 音频编解码器: 未知
分类: ☘️云南频道, 名称: 砚山电视台, 有效: 0, IPv4: 1, IPv6: 0, 最小延迟: -1 ms, 最高速率: 0.00 M/s, 平均速率: 0.00 M/s, 最高分辨率: None, 平均帧率: 未知, 视频编解码器: 未知, 音频编解码器: 未知
分类: ☘️云南频道, 名称: 石屏综合, 有效: 0, IPv4: 1, IPv6: 0, 最小延迟: -1 ms, 最高速率: 0.00 M/s, 平均速率: 0.00 M/s, 最高分辨率: None, 平均帧率: 未知, 视频编解码器: 未知, 音频编解码器: 未知
分类: ☘️云南频道, 名称: 梁河综合, 有效: 0, IPv4: 1, IPv6: 0, 最小延迟: -1 ms, 最高速率: 0.00 M/s, 平均速率: 0.00 M/s, 最高分辨率: None, 平均帧率: 未知, 视频编解码器: 未知, 音频编解码器: 未知
分类: ☘️云南频道, 名称: 盈江综合, 有效: 0, IPv4: 1, IPv6: 0, 最小延迟: -1 ms, 最高速率: 0.00 M/s, 平均速率: 0.00 M/s, 最高分辨率: None, 平均帧率: 未知, 视频编解码器: 未知, 音频编解码器: 未知
分类: ☘️云南频道, 名称: 江川综合, 有效: 0, IPv4: 1, IPv6: 0, 最小延迟: -1 ms, 最高速率: 0.00 M/s, 平均速率: 0.00 M/s, 最高分辨率: None, 平均帧率: 未知, 视频编解码器: 未知, 音频编解码器: 未知
分类: ☘️云南频道, 名称: 瑞丽综合, 有效: 0, IPv4: 1, IPv6: 0, 最小延迟: -1 ms, 最高速率: 0.00 M/s, 平均速率: 0.00 M/s, 最高分辨率: None, 平均帧率: 未知, 视频编解码器: 未知, 音频编解码器: 未知
分类: ☘️云南频道, 名称: 腾冲综合, 有效: 0, IPv4: 1, IPv6: 0, 最小延迟: -1 ms, 最高速率: 0.00 M/s, 平均速率: 0.00 M/s, 最高分辨率: None, 平均帧率: 未知, 视频编解码器: 未知, 音频编解码器: 未知
分类: ☘️内蒙古频道, 名称: 内蒙古经济生活, 有效: 1, IPv4: 2, IPv6: 0, 最小延迟: 125 ms, 最高速率: 1.74 M/s, 平均速率: 1.74 M/s, 最高分辨率: 1280x720, 平均帧率: 未知, 视频编解码器: 未知, 音频编解码器: 未知
分类: ☘️内蒙古频道, 名称: 蒙语文化, 有效: 0, IPv4: 1, IPv6: 0, 最小延迟: -1 ms, 最高速率: 0.00 M/s, 平均速率: 0.00 M/s, 最高分辨率: None, 平均帧率: 未知, 视频编解码器: 未知, 音频编解码器: 未知
分类: ☘️云南频道, 名称: 金平综合, 有效: 0, IPv4: 2, IPv6: 0, 最小延迟: -1 ms, 最高速率: 0.00 M/s, 平均速率: 0.00 M/s, 最高分辨率: None, 平均帧率: 未知, 视频编解码器: 未知, 音频编解码器: 未知
分类: ☘️云南频道, 名称: 蒙自综合, 有效: 0, IPv4: 2, IPv6: 0, 最小延迟: -1 ms, 最高速率: 0.00 M/s, 平均速率: 0.00 M/s, 最高分辨率: None, 平均帧率: 未知, 视频编解码器: 未知, 音频编解码器: 未知
分类: ☘️吉林频道, 名称: 东丰综合, 有效: 0, IPv4: 3, IPv6: 0, 最小延迟: 960 ms, 最高速率: 0.31 M/s, 平均速率: 0.00 M/s, 最高分辨率: 720x576, 平均帧率: 25.00, 视频编解码器: h264, 音频编解码器: aac
分类: ☘️云南频道, 名称: 芒市综合, 有效: 0, IPv4: 1, IPv6: 0, 最小延迟: -1 ms, 最高速率: 0.00 M/s, 平均速率: 0.00 M/s, 最高分辨率: None, 平均帧率: 未知, 视频编解码器: 未知, 音频编解码器: 未知
分类: ☘️吉林频道, 名称: 汪清综合, 有效: 0, IPv4: 2, IPv6: 0, 最小延迟: 825 ms, 最高速率: 0.10 M/s, 平均速率: 0.00 M/s, 最高分辨率: 320x240, 平均帧率: 25.00, 视频编解码器: h264, 音频编解码器: aac
分类: ☘️内蒙古频道, 名称: 内蒙农牧, 有效: 0, IPv4: 2, IPv6: 0, 最小延迟: -1 ms, 最高速率: 0.00 M/s, 平均速率: 0.00 M/s, 最高分辨率: None, 平均帧率: 未知, 视频编解码器: 未知, 音频编解码器: 未知
分类: ☘️吉林频道, 名称: 柳河综合, 有效: 0, IPv4: 3, IPv6: 0, 最小延迟: 550 ms, 最高速率: 0.26 M/s, 平均速率: 0.00 M/s, 最高分辨率: 720x576, 平均帧率: 25.00, 视频编解码器: h264, 音频编解码器: aac
分类: ☘️内蒙古频道, 名称: 内蒙古蒙语文化, 有效: 0, IPv4: 1, IPv6: 0, 最小延迟: -1 ms, 最高速率: 0.00 M/s, 平均速率: 0.00 M/s, 最高分辨率: None, 平均帧率: 未知, 视频编解码器: 未知, 音频编解码器: 未知
分类: ☘️吉林频道, 名称: 通化县综合, 有效: 0, IPv4: 2, IPv6: 0, 最小延迟: 805 ms, 最高速率: 0.10 M/s, 平均速率: 0.00 M/s, 最高分辨率: 320x240, 平均帧率: 25.00, 视频编解码器: h264, 音频编解码器: aac
分类: ☘️吉林频道, 名称: 辉南新闻综合, 有效: 0, IPv4: 2, IPv6: 0, 最小延迟: 1846 ms, 最高速率: 0.46 M/s, 平均速率: 0.00 M/s, 最高分辨率: 720x576, 平均帧率: 25.00, 视频编解码器: h264, 音频编解码器: aac
分类: ☘️内蒙古频道, 名称: 内蒙古少儿, 有效: 0, IPv4: 2, IPv6: 0, 最小延迟: -1 ms, 最高速率: 0.00 M/s, 平均速率: 0.00 M/s, 最高分辨率: None, 平均帧率: 未知, 视频编解码器: 未知, 音频编解码器: 未知
分类: ☘️内蒙古频道, 名称: 内蒙古文体娱乐, 有效: 1, IPv4: 3, IPv6: 0, 最小延迟: 109 ms, 最高速率: 1.91 M/s, 平均速率: 1.91 M/s, 最高分辨率: 1280x720, 平均帧率: 未知, 视频编解码器: 未知, 音频编解码器: 未知
分类: ☘️云南频道, 名称: 易门综合, 有效: 0, IPv4: 1, IPv6: 0, 最小延迟: 2107 ms, 最高速率: 0.45 M/s, 平均速率: 0.00 M/s, 最高分辨率: 1920x1080, 平均帧率: 未知, 视频编解码器: 未知, 音频编解码器: 未知
分类: ☘️云南频道, 名称: 通海电视台, 有效: 0, IPv4: 1, IPv6: 0, 最小延迟: 2524 ms, 最高速率: 0.36 M/s, 平均速率: 0.00 M/s, 最高分辨率: 1920x1080, 平均帧率: 未知, 视频编解码器: 未知, 音频编解码器: 未知
分类: ☘️云南频道, 名称: 云南都市, 有效: 1, IPv4: 1, IPv6: 0, 最小延迟: 1683 ms, 最高速率: 0.29 M/s, 平均速率: 0.29 M/s, 最高分辨率: 1280x720, 平均帧率: 未知, 视频编解码器: 未知, 音频编解码器: 未知
分类: ☘️云南频道, 名称: 云南娱乐, 有效: 1, IPv4: 1, IPv6: 0, 最小延迟: 1735 ms, 最高速率: 0.30 M/s, 平均速率: 0.30 M/s, 最高分辨率: 1280x720, 平均帧率: 未知, 视频编解码器: 未知, 音频编解码器: 未知
分类: ☘️吉林频道, 名称: 延边卫视, 有效: 5, IPv4: 26, IPv6: 0, 最小延迟: 72 ms, 最高速率: 72.59 M/s, 平均速率: 25.95 M/s, 最高分辨率: 1920x1080, 平均帧率: 25.00, 视频编解码器: h264, 音频编解码器: aac
分类: ☘️黑龙江频道, 名称: 黑龙江公共农业, 有效: 0, IPv4: 1, IPv6: 0, 最小延迟: -1 ms, 最高速率: 0.00 M/s, 平均速率: 0.00 M/s, 最高分辨率: None, 平均帧率: 未知, 视频编解码器: 未知, 音频编解码器: 未知
分类: ☘️青海频道, 名称: 西宁新闻综合, 有效: 0, IPv4: 1, IPv6: 0, 最小延迟: 535 ms, 最高速率: 0.18 M/s, 平均速率: 0.00 M/s, 最高分辨率: None, 平均帧率: 未知, 视频编解码器: 未知, 音频编解码器: 未知
分类: ☘️青海频道, 名称: 青海经视, 有效: 0, IPv4: 2, IPv6: 0, 最小延迟: 510 ms, 最高速率: 0.44 M/s, 平均速率: 0.00 M/s, 最高分辨率: None, 平均帧率: 未知, 视频编解码器: 未知, 音频编解码器: 未知
分类: ☘️云南频道, 名称: 麻栗坡电视台, 有效: 0, IPv4: 1, IPv6: 0, 最小延迟: -1 ms, 最高速率: 0.00 M/s, 平均速率: 0.00 M/s, 最高分辨率: None, 平均帧率: 未知, 视频编解码器: 未知, 音频编解码器: 未知
分类: ☘️云南频道, 名称: 陇川综合, 有效: 0, IPv4: 2, IPv6: 0, 最小延迟: -1 ms, 最高速率: 0.00 M/s, 平均速率: 0.00 M/s, 最高分辨率: 1920x1080, 平均帧率: 未知, 视频编解码器: 未知, 音频编解码器: 未知
分类: ☘️黑龙江频道, 名称: 哈尔滨资讯, 有效: 0, IPv4: 1, IPv6: 0, 最小延迟: 799 ms, 最高速率: 0.03 M/s, 平均速率: 0.00 M/s, 最高分辨率: 640x480, 平均帧率: 25.00, 视频编解码器: h264, 音频编解码器: aac
分类: ☘️青海频道, 名称: 青海都市, 有效: 0, IPv4: 2, IPv6: 0, 最小延迟: 510 ms, 最高速率: 0.43 M/s, 平均速率: 0.00 M/s, 最高分辨率: None, 平均帧率: 未知, 视频编解码器: 未知, 音频编解码器: 未知
分类: ☘️青海频道, 名称: 西宁生活服务, 有效: 0, IPv4: 2, IPv6: 0, 最小延迟: 523 ms, 最高速率: 0.00 M/s, 平均速率: 0.00 M/s, 最高分辨率: None, 平均帧率: 未知, 视频编解码器: 未知, 音频编解码器: 未知
分类: ☘️青海频道, 名称: 安多卫视, 有效: 0, IPv4: 13, IPv6: 0, 最小延迟: 475 ms, 最高速率: 0.43 M/s, 平均速率: 0.00 M/s, 最高分辨率: 720x576, 平均帧率: 25.00, 视频编解码器: h264, 音频编解码器: aac
分类: ☘️黑龙江频道, 名称: 七台河民生社教, 有效: 0, IPv4: 1, IPv6: 0, 最小延迟: -1 ms, 最高速率: 0.00 M/s, 平均速率: 0.00 M/s, 最高分辨率: None, 平均帧率: 未知, 视频编解码器: 未知, 音频编解码器: 未知
分类: ☘️青海频道, 名称: 贵南综合, 有效: 0, IPv4: 2, IPv6: 0, 最小延迟: -1 ms, 最高速率: 0.00 M/s, 平均速率: 0.00 M/s, 最高分辨率: None, 平均帧率: 未知, 视频编解码器: 未知, 音频编解码器: 未知
分类: ☘️青海频道, 名称: 化隆综合, 有效: 0, IPv4: 2, IPv6: 0, 最小延迟: -1 ms, 最高速率: 0.00 M/s, 平均速率: 0.00 M/s, 最高分辨率: None, 平均帧率: 未知, 视频编解码器: 未知, 音频编解码器: 未知
分类: ☘️青海频道, 名称: 门源综合, 有效: 0, IPv4: 2, IPv6: 0, 最小延迟: -1 ms, 最高速率: 0.00 M/s, 平均速率: 0.00 M/s, 最高分辨率: None, 平均帧率: 未知, 视频编解码器: 未知, 音频编解码器: 未知
分类: ☘️青海频道, 名称: 民和综合, 有效: 0, IPv4: 2, IPv6: 0, 最小延迟: -1 ms, 最高速率: 0.00 M/s, 平均速率: 0.00 M/s, 最高分辨率: None, 平均帧率: 未知, 视频编解码器: 未知, 音频编解码器: 未知
分类: ☘️青海频道, 名称: 兴海综合, 有效: 0, IPv4: 1, IPv6: 0, 最小延迟: -1 ms, 最高速率: 0.00 M/s, 平均速率: 0.00 M/s, 最高分辨率: None, 平均帧率: 未知, 视频编解码器: 未知, 音频编解码器: 未知
分类: ☘️黑龙江频道, 名称: 黑龙江新闻法治, 有效: 0, IPv4: 3, IPv6: 0, 最小延迟: -1 ms, 最高速率: 0.00 M/s, 平均速率: 0.00 M/s, 最高分辨率: None, 平均帧率: 未知, 视频编解码器: 未知, 音频编解码器: 未知
分类: ☘️黑龙江频道, 名称: 鹤岗新闻综合, 有效: 1, IPv4: 1, IPv6: 0, 最小延迟: 3220 ms, 最高速率: 0.63 M/s, 平均速率: 0.63 M/s, 最高分辨率: 1280x720, 平均帧率: 未知, 视频编解码器: 未知, 音频编解码器: 未知
分类: ☘️黑龙江频道, 名称: 七台河新闻综合, 有效: 1, IPv4: 1, IPv6: 0, 最小延迟: 2387 ms, 最高速率: 0.35 M/s, 平均速率: 0.35 M/s, 最高分辨率: 1280x720, 平均帧率: 未知, 视频编解码器: 未知, 音频编解码器: 未知
分类: ☘️黑龙江频道, 名称: 双鸭山综合, 有效: 0, IPv4: 1, IPv6: 0, 最小延迟: -1 ms, 最高速率: 0.00 M/s, 平均速率: 0.00 M/s, 最高分辨率: None, 平均帧率: 未知, 视频编解码器: 未知, 音频编解码器: 未知
分类: ☘️黑龙江频道, 名称: 哈尔滨影视, 有效: 0, IPv4: 5, IPv6: 0, 最小延迟: 2379 ms, 最高速率: 0.19 M/s, 平均速率: 0.00 M/s, 最高分辨率: 640x480, 平均帧率: 25.00, 视频编解码器: h264, 音频编解码器: aac
分类: ☘️黑龙江频道, 名称: 黑龙江少儿, 有效: 0, IPv4: 1, IPv6: 0, 最小延迟: -1 ms, 最高速率: 0.00 M/s, 平均速率: 0.00 M/s, 最高分辨率: None, 平均帧率: 未知, 视频编解码器: 未知, 音频编解码器: 未知
分类: ☘️黑龙江频道, 名称: 哈尔滨娱乐, 有效: 0, IPv4: 2, IPv6: 0, 最小延迟: 799 ms, 最高速率: 0.03 M/s, 平均速率: 0.00 M/s, 最高分辨率: 640x480, 平均帧率: 25.00, 视频编解码器: h264, 音频编解码器: aac
分类: ☘️黑龙江频道, 名称: 哈尔滨生活, 有效: 0, IPv4: 3, IPv6: 0, 最小延迟: 2553 ms, 最高速率: 0.20 M/s, 平均速率: 0.00 M/s, 最高分辨率: 640x480, 平均帧率: 25.00, 视频编解码器: h264, 音频编解码器: aac
分类: ☘️黑龙江频道, 名称: 甘南县综合, 有效: 0, IPv4: 1, IPv6: 0, 最小延迟: 1346 ms, 最高速率: 0.02 M/s, 平均速率: 0.00 M/s, 最高分辨率: 640x480, 平均帧率: 25.00, 视频编解码器: h264, 音频编解码器: aac
分类: ☘️黑龙江频道, 名称: 哈尔滨新闻综合, 有效: 0, IPv4: 3, IPv6: 0, 最小延迟: 3116 ms, 最高速率: 0.21 M/s, 平均速率: 0.00 M/s, 最高分辨率: 640x480, 平均帧率: 25.00, 视频编解码器: h264, 音频编解码器: aac
分类: ☘️黑龙江频道, 名称: 佳木斯新闻综合, 有效: 0, IPv4: 2, IPv6: 0, 最小延迟: -1 ms, 最高速率: 0.00 M/s, 平均速率: 0.00 M/s, 最高分辨率: None, 平均帧率: 未知, 视频编解码器: 未知, 音频编解码器: 未知
分类: ☘️黑龙江频道, 名称: 齐齐哈尔新闻综合, 有效: 0, IPv4: 1, IPv6: 0, 最小延迟: -1 ms, 最高速率: 0.00 M/s, 平均速率: 0.00 M/s, 最高分辨率: None, 平均帧率: 未知, 视频编解码器: 未知, 音频编解码器: 未知
分类: 🌊港·澳·台, 名称: 翡翠台, 有效: 2, IPv4: 21, IPv6: 0, 最小延迟: 174 ms, 最高速率: 1.68 M/s, 平均速率: 0.69 M/s, 最高分辨率: 1920x1080, 平均帧率: 27.50, 视频编解码器: h264, 音频编解码器: aac
分类: 🌊港·澳·台, 名称: 明珠台, 有效: 1, IPv4: 11, IPv6: 0, 最小延迟: 205 ms, 最高速率: 0.42 M/s, 平均速率: 0.42 M/s, 最高分辨率: 1280x720, 平均帧率: 未知, 视频编解码器: 未知, 音频编解码器: 未知
分类: 🌊港·澳·台, 名称: 凤凰中文, 有效: 4, IPv4: 58, IPv6: 0, 最小延迟: 52 ms, 最高速率: 91.09 M/s, 平均速率: 41.58 M/s, 最高分辨率: 1920x1080, 平均帧率: 41.67, 视频编解码器: h264, 音频编解码器: mp2
分类: 🌊港·澳·台, 名称: J2, 有效: 0, IPv4: 1, IPv6: 0, 最小延迟: -1 ms, 最高速率: 0.00 M/s, 平均速率: 0.00 M/s, 最高分辨率: None, 平均帧率: 未知, 视频编解码器: 未知, 音频编解码器: 未知
分类: 🌊港·澳·台, 名称: TVBS亚洲, 有效: 3, IPv4: 8, IPv6: 0, 最小延迟: 2049 ms, 最高速率: 0.67 M/s, 平均速率: 0.61 M/s, 最高分辨率: 1920x1080, 平均帧率: 未知, 视频编解码器: 未知, 音频编解码器: 未知
分类: 🌊港·澳·台, 名称: 凤凰资讯, 有效: 3, IPv4: 42, IPv6: 0, 最小延迟: 98 ms, 最高速率: 59.10 M/s, 平均速率: 21.30 M/s, 最高分辨率: 1920x1080, 平均帧率: 37.50, 视频编解码器: h264, 音频编解码器: aac
分类: 🌊港·澳·台, 名称: 东森超视, 有效: 0, IPv4: 8, IPv6: 0, 最小延迟: 2124 ms, 最高速率: 0.50 M/s, 平均速率: 0.00 M/s, 最高分辨率: 1920x1080, 平均帧率: 未知, 视频编解码器: 未知, 音频编解码器: 未知
分类: 🌊港·澳·台, 名称: Now华剧, 有效: 0, IPv4: 3, IPv6: 0, 最小延迟: -1 ms, 最高速率: 0.00 M/s, 平均速率: 0.00 M/s, 最高分辨率: None, 平均帧率: 未知, 视频编解码器: 未知, 音频编解码器: 未知
分类: 🌊港·澳·台, 名称: Now剧集, 有效: 0, IPv4: 3, IPv6: 0, 最小延迟: -1 ms, 最高速率: 0.00 M/s, 平均速率: 0.00 M/s, 最高分辨率: None, 平均帧率: 未知, 视频编解码器: 未知, 音频编解码器: 未知
分类: 🌊港·澳·台, 名称: 三立台湾, 有效: 1, IPv4: 3, IPv6: 0, 最小延迟: 1430 ms, 最高速率: 0.24 M/s, 平均速率: 0.24 M/s, 最高分辨率: 1280x720, 平均帧率: 未知, 视频编解码器: 未知, 音频编解码器: 未知
分类: 🌊港·澳·台, 名称: 靖天资讯, 有效: 0, IPv4: 5, IPv6: 0, 最小延迟: -1 ms, 最高速率: 0.00 M/s, 平均速率: 0.00 M/s, 最高分辨率: None, 平均帧率: 未知, 视频编解码器: 未知, 音频编解码器: 未知
分类: 🌊港·澳·台, 名称: 纬来体育, 有效: 1, IPv4: 8, IPv6: 0, 最小延迟: 486 ms, 最高速率: 1.90 M/s, 平均速率: 1.90 M/s, 最高分辨率: 1280x720, 平均帧率: 未知, 视频编解码器: 未知, 音频编解码器: 未知
分类: 🌊港·澳·台, 名称: 三立新闻, 有效: 0, IPv4: 7, IPv6: 0, 最小延迟: -1 ms, 最高速率: 0.00 M/s, 平均速率: 0.00 M/s, 最高分辨率: None, 平均帧率: 未知, 视频编解码器: 未知, 音频编解码器: 未知
分类: 🌊港·澳·台, 名称: 纬来育乐, 有效: 1, IPv4: 11, IPv6: 0, 最小延迟: 425 ms, 最高速率: 0.31 M/s, 平均速率: 0.31 M/s, 最高分辨率: 1280x720, 平均帧率: 未知, 视频编解码器: 未知, 音频编解码器: 未知
分类: 🌊港·澳·台, 名称: 凤凰香港, 有效: 3, IPv4: 21, IPv6: 0, 最小延迟: 171 ms, 最高速率: 6.97 M/s, 平均速率: 2.54 M/s, 最高分辨率: 1920x1080, 平均帧率: 27.50, 视频编解码器: h264, 音频编解码器: aac
分类: 🌊港·澳·台, 名称: 凤凰卫视, 有效: 1, IPv4: 5, IPv6: 0, 最小延迟: 57 ms, 最高速率: 94.74 M/s, 平均速率: 94.74 M/s, 最高分辨率: 1920x1080, 平均帧率: 27.50, 视频编解码器: h264, 音频编解码器: aac
分类: 🎬电影频道, 名称: CHC家庭影院, 有效: 5, IPv4: 61, IPv6: 0, 最小延迟: 82 ms, 最高速率: 1.81 M/s, 平均速率: 1.22 M/s, 最高分辨率: 1280x720, 平均帧率: 未知, 视频编解码器: 未知, 音频编解码器: 未知
分类: 🌊港·澳·台, 名称: 东森综合, 有效: 0, IPv4: 7, IPv6: 0, 最小延迟: -1 ms, 最高速率: 0.00 M/s, 平均速率: 0.00 M/s, 最高分辨率: 1280x720, 平均帧率: 未知, 视频编解码器: 未知, 音频编解码器: 未知
分类: 🌊港·澳·台, 名称: 东森电影, 有效: 0, IPv4: 8, IPv6: 0, 最小延迟: 504 ms, 最高速率: 0.00 M/s, 平均速率: 0.00 M/s, 最高分辨率: 1280x720, 平均帧率: 未知, 视频编解码器: 未知, 音频编解码器: 未知
分类: 🌊港·澳·台, 名称: 星卫娱乐, 有效: 0, IPv4: 2, IPv6: 0, 最小延迟: -1 ms, 最高速率: 0.00 M/s, 平均速率: 0.00 M/s, 最高分辨率: None, 平均帧率: 未知, 视频编解码器: 未知, 音频编解码器: 未知
分类: 🎬电影频道, 名称: 艾尔达娱乐, 有效: 0, IPv4: 2, IPv6: 0, 最小延迟: -1 ms, 最高速率: 0.00 M/s, 平均速率: 0.00 M/s, 最高分辨率: None, 平均帧率: 未知, 视频编解码器: 未知, 音频编解码器: 未知
分类: 🎬电影频道, 名称: 靖天映画, 有效: 2, IPv4: 8, IPv6: 0, 最小延迟: 433 ms, 最高速率: 2.19 M/s, 平均速率: 2.10 M/s, 最高分辨率: 1920x1080, 平均帧率: 30.00, 视频编解码器: h264, 音频编解码器: aac
分类: 🎬电影频道, 名称: 天映经典, 有效: 1, IPv4: 8, IPv6: 0, 最小延迟: 103 ms, 最高速率: 26.70 M/s, 平均速率: 26.70 M/s, 最高分辨率: 1920x1080, 平均帧率: 未知, 视频编解码器: 未知, 音频编解码器: 未知
分类: 🎬电影频道, 名称: 私人影院, 有效: 0, IPv4: 1, IPv6: 0, 最小延迟: -1 ms, 最高速率: 0.00 M/s, 平均速率: 0.00 M/s, 最高分辨率: None, 平均帧率: 未知, 视频编解码器: 未知, 音频编解码器: 未知
分类: 🎥咪咕直播, 名称: 咪咕直播1, 有效: 0, IPv4: 2, IPv6: 0, 最小延迟: -1 ms, 最高速率: 0.00 M/s, 平均速率: 0.00 M/s, 最高分辨率: None, 平均帧率: 未知, 视频编解码器: 未知, 音频编解码器: 未知
分类: 🎥咪咕直播, 名称: 咪咕直播2, 有效: 0, IPv4: 1, IPv6: 0, 最小延迟: -1 ms, 最高速率: 0.00 M/s, 平均速率: 0.00 M/s, 最高分辨率: None, 平均帧率: 未知, 视频编解码器: 未知, 音频编解码器: 未知
分类: 🎥咪咕直播, 名称: 咪咕直播3, 有效: 0, IPv4: 1, IPv6: 0, 最小延迟: -1 ms, 最高速率: 0.00 M/s, 平均速率: 0.00 M/s, 最高分辨率: None, 平均帧率: 未知, 视频编解码器: 未知, 音频编解码器: 未知
分类: 🎥咪咕直播, 名称: 咪咕直播4, 有效: 0, IPv4: 1, IPv6: 0, 最小延迟: -1 ms, 最高速率: 0.00 M/s, 平均速率: 0.00 M/s, 最高分辨率: None, 平均帧率: 未知, 视频编解码器: 未知, 音频编解码器: 未知
分类: 🎥咪咕直播, 名称: 咪咕直播6, 有效: 0, IPv4: 1, IPv6: 0, 最小延迟: -1 ms, 最高速率: 0.00 M/s, 平均速率: 0.00 M/s, 最高分辨率: None, 平均帧率: 未知, 视频编解码器: 未知, 音频编解码器: 未知
分类: 🎥咪咕直播, 名称: 咪咕直播7, 有效: 0, IPv4: 1, IPv6: 0, 最小延迟: -1 ms, 最高速率: 0.00 M/s, 平均速率: 0.00 M/s, 最高分辨率: None, 平均帧率: 未知, 视频编解码器: 未知, 音频编解码器: 未知
分类: 🎥咪咕直播, 名称: 咪咕直播8, 有效: 0, IPv4: 1, IPv6: 0, 最小延迟: -1 ms, 最高速率: 0.00 M/s, 平均速率: 0.00 M/s, 最高分辨率: None, 平均帧率: 未知, 视频编解码器: 未知, 音频编解码器: 未知
分类: 🎥咪咕直播, 名称: 咪咕直播5, 有效: 0, IPv4: 1, IPv6: 0, 最小延迟: -1 ms, 最高速率: 0.00 M/s, 平均速率: 0.00 M/s, 最高分辨率: None, 平均帧率: 未知, 视频编解码器: 未知, 音频编解码器: 未知
分类: 🎬电影频道, 名称: 淘剧场, 有效: 0, IPv4: 2, IPv6: 0, 最小延迟: 495 ms, 最高速率: 0.12 M/s, 平均速率: 0.00 M/s, 最高分辨率: None, 平均帧率: 未知, 视频编解码器: 未知, 音频编解码器: 未知
分类: 🎥咪咕直播, 名称: 咪咕直播11, 有效: 0, IPv4: 1, IPv6: 0, 最小延迟: -1 ms, 最高速率: 0.00 M/s, 平均速率: 0.00 M/s, 最高分辨率: None, 平均帧率: 未知, 视频编解码器: 未知, 音频编解码器: 未知
分类: 🎥咪咕直播, 名称: 咪咕直播10, 有效: 0, IPv4: 1, IPv6: 0, 最小延迟: -1 ms, 最高速率: 0.00 M/s, 平均速率: 0.00 M/s, 最高分辨率: None, 平均帧率: 未知, 视频编解码器: 未知, 音频编解码器: 未知
分类: 🎥咪咕直播, 名称: 咪咕直播9, 有效: 0, IPv4: 1, IPv6: 0, 最小延迟: -1 ms, 最高速率: 0.00 M/s, 平均速率: 0.00 M/s, 最高分辨率: None, 平均帧率: 未知, 视频编解码器: 未知, 音频编解码器: 未知
分类: 🎥咪咕直播, 名称: 咪咕直播12, 有效: 0, IPv4: 1, IPv6: 0, 最小延迟: -1 ms, 最高速率: 0.00 M/s, 平均速率: 0.00 M/s, 最高分辨率: None, 平均帧率: 未知, 视频编解码器: 未知, 音频编解码器: 未知
分类: 🎥咪咕直播, 名称: 咪咕直播13, 有效: 0, IPv4: 1, IPv6: 0, 最小延迟: -1 ms, 最高速率: 0.00 M/s, 平均速率: 0.00 M/s, 最高分辨率: None, 平均帧率: 未知, 视频编解码器: 未知, 音频编解码器: 未知
分类: 🎥咪咕直播, 名称: 咪咕直播14, 有效: 0, IPv4: 1, IPv6: 0, 最小延迟: -1 ms, 最高速率: 0.00 M/s, 平均速率: 0.00 M/s, 最高分辨率: None, 平均帧率: 未知, 视频编解码器: 未知, 音频编解码器: 未知
分类: 🎥咪咕直播, 名称: 咪咕直播15, 有效: 0, IPv4: 1, IPv6: 0, 最小延迟: -1 ms, 最高速率: 0.00 M/s, 平均速率: 0.00 M/s, 最高分辨率: None, 平均帧率: 未知, 视频编解码器: 未知, 音频编解码器: 未知
分类: 🎥咪咕直播, 名称: 咪咕直播16, 有效: 0, IPv4: 1, IPv6: 0, 最小延迟: -1 ms, 最高速率: 0.00 M/s, 平均速率: 0.00 M/s, 最高分辨率: None, 平均帧率: 未知, 视频编解码器: 未知, 音频编解码器: 未知
分类: 🎥咪咕直播, 名称: 咪咕直播19, 有效: 0, IPv4: 1, IPv6: 0, 最小延迟: -1 ms, 最高速率: 0.00 M/s, 平均速率: 0.00 M/s, 最高分辨率: None, 平均帧率: 未知, 视频编解码器: 未知, 音频编解码器: 未知
分类: 🎥咪咕直播, 名称: 咪咕直播17, 有效: 0, IPv4: 1, IPv6: 0, 最小延迟: -1 ms, 最高速率: 0.00 M/s, 平均速率: 0.00 M/s, 最高分辨率: None, 平均帧率: 未知, 视频编解码器: 未知, 音频编解码器: 未知
分类: 🎥咪咕直播, 名称: 咪咕直播20, 有效: 0, IPv4: 1, IPv6: 0, 最小延迟: -1 ms, 最高速率: 0.00 M/s, 平均速率: 0.00 M/s, 最高分辨率: None, 平均帧率: 未知, 视频编解码器: 未知, 音频编解码器: 未知
分类: 🎥咪咕直播, 名称: 咪咕直播18, 有效: 0, IPv4: 1, IPv6: 0, 最小延迟: -1 ms, 最高速率: 0.00 M/s, 平均速率: 0.00 M/s, 最高分辨率: None, 平均帧率: 未知, 视频编解码器: 未知, 音频编解码器: 未知
分类: 🎬电影频道, 名称: CHC高清电影, 有效: 0, IPv4: 10, IPv6: 0, 最小延迟: 491 ms, 最高速率: 0.47 M/s, 平均速率: 0.00 M/s, 最高分辨率: None, 平均帧率: 未知, 视频编解码器: 未知, 音频编解码器: 未知
分类: 🎥咪咕直播, 名称: 咪咕直播21, 有效: 0, IPv4: 1, IPv6: 0, 最小延迟: -1 ms, 最高速率: 0.00 M/s, 平均速率: 0.00 M/s, 最高分辨率: None, 平均帧率: 未知, 视频编解码器: 未知, 音频编解码器: 未知
分类: 🎥咪咕直播, 名称: 咪咕直播23, 有效: 0, IPv4: 1, IPv6: 0, 最小延迟: -1 ms, 最高速率: 0.00 M/s, 平均速率: 0.00 M/s, 最高分辨率: None, 平均帧率: 未知, 视频编解码器: 未知, 音频编解码器: 未知
分类: 🎥咪咕直播, 名称: 咪咕直播22, 有效: 0, IPv4: 1, IPv6: 0, 最小延迟: -1 ms, 最高速率: 0.00 M/s, 平均速率: 0.00 M/s, 最高分辨率: None, 平均帧率: 未知, 视频编解码器: 未知, 音频编解码器: 未知
分类: 🎥咪咕直播, 名称: 咪咕直播25, 有效: 0, IPv4: 1, IPv6: 0, 最小延迟: -1 ms, 最高速率: 0.00 M/s, 平均速率: 0.00 M/s, 最高分辨率: None, 平均帧率: 未知, 视频编解码器: 未知, 音频编解码器: 未知
分类: 🎥咪咕直播, 名称: 咪咕直播24, 有效: 0, IPv4: 1, IPv6: 0, 最小延迟: -1 ms, 最高速率: 0.00 M/s, 平均速率: 0.00 M/s, 最高分辨率: None, 平均帧率: 未知, 视频编解码器: 未知, 音频编解码器: 未知
分类: 🎥咪咕直播, 名称: 咪咕直播27, 有效: 0, IPv4: 1, IPv6: 0, 最小延迟: -1 ms, 最高速率: 0.00 M/s, 平均速率: 0.00 M/s, 最高分辨率: None, 平均帧率: 未知, 视频编解码器: 未知, 音频编解码器: 未知
分类: 🎥咪咕直播, 名称: 咪咕直播26, 有效: 0, IPv4: 1, IPv6: 0, 最小延迟: -1 ms, 最高速率: 0.00 M/s, 平均速率: 0.00 M/s, 最高分辨率: None, 平均帧率: 未知, 视频编解码器: 未知, 音频编解码器: 未知
分类: 🎥咪咕直播, 名称: 咪咕直播29, 有效: 0, IPv4: 1, IPv6: 0, 最小延迟: -1 ms, 最高速率: 0.00 M/s, 平均速率: 0.00 M/s, 最高分辨率: None, 平均帧率: 未知, 视频编解码器: 未知, 音频编解码器: 未知
分类: 🎥咪咕直播, 名称: 咪咕直播28, 有效: 0, IPv4: 1, IPv6: 0, 最小延迟: -1 ms, 最高速率: 0.00 M/s, 平均速率: 0.00 M/s, 最高分辨率: None, 平均帧率: 未知, 视频编解码器: 未知, 音频编解码器: 未知
分类: 🎥咪咕直播, 名称: 咪咕直播30, 有效: 0, IPv4: 1, IPv6: 0, 最小延迟: -1 ms, 最高速率: 0.00 M/s, 平均速率: 0.00 M/s, 最高分辨率: None, 平均帧率: 未知, 视频编解码器: 未知, 音频编解码器: 未知
分类: 🎬电影频道, 名称: 淘娱乐, 有效: 0, IPv4: 2, IPv6: 0, 最小延迟: 501 ms, 最高速率: 0.23 M/s, 平均速率: 0.00 M/s, 最高分辨率: None, 平均帧率: 未知, 视频编解码器: 未知, 音频编解码器: 未知
分类: 🎬电影频道, 名称: 龙祥电影, 有效: 2, IPv4: 5, IPv6: 0, 最小延迟: 417 ms, 最高速率: 2.35 M/s, 平均速率: 1.66 M/s, 最高分辨率: 1280x720, 平均帧率: 30.00, 视频编解码器: h264, 音频编解码器: aac
分类: 🎬电影频道, 名称: 靖天戏剧, 有效: 0, IPv4: 7, IPv6: 0, 最小延迟: -1 ms, 最高速率: 0.00 M/s, 平均速率: 0.00 M/s, 最高分辨率: None, 平均帧率: 未知, 视频编解码器: 未知, 音频编解码器: 未知
分类: 🎬电影频道, 名称: NewTV惊悚悬疑, 有效: 2, IPv4: 12, IPv6: 0, 最小延迟: 40 ms, 最高速率: 118.55 M/s, 平均速率: 92.00 M/s, 最高分辨率: 1920x1080, 平均帧率: 未知, 视频编解码器: 未知, 音频编解码器: 未知
分类: 🎬电影频道, 名称: NewTV动作电影, 有效: 0, IPv4: 5, IPv6: 0, 最小延迟: -1 ms, 最高速率: 0.00 M/s, 平均速率: 0.00 M/s, 最高分辨率: None, 平均帧率: 未知, 视频编解码器: 未知, 音频编解码器: 未知
分类: 🎬电影频道, 名称: 经典电影, 有效: 1, IPv4: 6, IPv6: 0, 最小延迟: 99 ms, 最高速率: 0.42 M/s, 平均速率: 0.42 M/s, 最高分辨率: 1280x720, 平均帧率: 未知, 视频编解码器: 未知, 音频编解码器: 未知
分类: 🏀体育频道, 名称: 爱体育, 有效: 0, IPv4: 1, IPv6: 0, 最小延迟: -1 ms, 最高速率: 0.00 M/s, 平均速率: 0.00 M/s, 最高分辨率: None, 平均帧率: 未知, 视频编解码器: 未知, 音频编解码器: 未知
分类: 🏀体育频道, 名称: 劲爆体育, 有效: 0, IPv4: 3, IPv6: 0, 最小延迟: -1 ms, 最高速率: 0.00 M/s, 平均速率: 0.00 M/s, 最高分辨率: None, 平均帧率: 未知, 视频编解码器: 未知, 音频编解码器: 未知
分类: 🏀体育频道, 名称: 天津体育, 有效: 2, IPv4: 4, IPv6: 0, 最小延迟: 170 ms, 最高速率: 8.55 M/s, 平均速率: 7.59 M/s, 最高分辨率: 1280x720, 平均帧率: 27.50, 视频编解码器: h264, 音频编解码器: aac
分类: 🎬电影频道, 名称: 纬来电影, 有效: 1, IPv4: 14, IPv6: 0, 最小延迟: 488 ms, 最高速率: 1.39 M/s, 平均速率: 1.39 M/s, 最高分辨率: 1280x720, 平均帧率: 未知, 视频编解码器: 未知, 音频编解码器: 未知
分类: 🎬电影频道, 名称: 东森洋片, 有效: 2, IPv4: 10, IPv6: 0, 最小延迟: 423 ms, 最高速率: 2.64 M/s, 平均速率: 1.63 M/s, 最高分辨率: 1280x720, 平均帧率: 未知, 视频编解码器: 未知, 音频编解码器: 未知
分类: 🎬电影频道, 名称: IPTV经典电影, 有效: 0, IPv4: 3, IPv6: 0, 最小延迟: -1 ms, 最高速率: 0.00 M/s, 平均速率: 0.00 M/s, 最高分辨率: None, 平均帧率: 未知, 视频编解码器: 未知, 音频编解码器: 未知
分类: 🎬电影频道, 名称: 星空卫视, 有效: 0, IPv4: 10, IPv6: 0, 最小延迟: 498 ms, 最高速率: 0.00 M/s, 平均速率: 0.00 M/s, 最高分辨率: None, 平均帧率: 未知, 视频编解码器: 未知, 音频编解码器: 未知
分类: 🏀体育频道, 名称: 辽宁体育, 有效: 0, IPv4: 1, IPv6: 0, 最小延迟: 5636 ms, 最高速率: 0.10 M/s, 平均速率: 0.00 M/s, 最高分辨率: None, 平均帧率: 未知, 视频编解码器: 未知, 音频编解码器: 未知
分类: 🏀体育频道, 名称: 五星体育, 有效: 4, IPv4: 16, IPv6: 0, 最小延迟: 47 ms, 最高速率: 112.66 M/s, 平均速率: 96.36 M/s, 最高分辨率: 1920x1080, 平均帧率: 未知, 视频编解码器: 未知, 音频编解码器: 未知
分类: 🏀体育频道, 名称: 体育赛事, 有效: 0, IPv4: 7, IPv6: 0, 最小延迟: 496 ms, 最高速率: 0.00 M/s, 平均速率: 0.00 M/s, 最高分辨率: None, 平均帧率: 未知, 视频编解码器: 未知, 音频编解码器: 未知
分类: 🎬电影频道, 名称: CHC动作电影, 有效: 5, IPv4: 61, IPv6: 0, 最小延迟: 77 ms, 最高速率: 9.83 M/s, 平均速率: 3.26 M/s, 最高分辨率: 1920x1080, 平均帧率: 25.00, 视频编解码器: h264, 音频编解码器: aac
分类: 🏀体育频道, 名称: 吉林篮球, 有效: 0, IPv4: 3, IPv6: 0, 最小延迟: 516 ms, 最高速率: 0.76 M/s, 平均速率: 0.00 M/s, 最高分辨率: 1920x1080, 平均帧率: 未知, 视频编解码器: 未知, 音频编解码器: 未知
分类: 🏀体育频道, 名称: 睛彩篮球, 有效: 3, IPv4: 17, IPv6: 0, 最小延迟: 72 ms, 最高速率: 83.64 M/s, 平均速率: 50.15 M/s, 最高分辨率: 1920x1080, 平均帧率: 未知, 视频编解码器: 未知, 音频编解码器: 未知
分类: 🏀体育频道, 名称: 睛彩羽毛球, 有效: 1, IPv4: 8, IPv6: 0, 最小延迟: 469 ms, 最高速率: 0.74 M/s, 平均速率: 0.74 M/s, 最高分辨率: 1920x1080, 平均帧率: 25.00, 视频编解码器: h264, 音频编解码器: mp2
分类: 🏀体育频道, 名称: 睛彩广场舞, 有效: 1, IPv4: 14, IPv6: 0, 最小延迟: 486 ms, 最高速率: 0.80 M/s, 平均速率: 0.80 M/s, 最高分辨率: 1920x1080, 平均帧率: 未知, 视频编解码器: 未知, 音频编解码器: 未知
分类: 🏀体育频道, 名称: 足球频道, 有效: 0, IPv4: 1, IPv6: 0, 最小延迟: -1 ms, 最高速率: 0.00 M/s, 平均速率: 0.00 M/s, 最高分辨率: None, 平均帧率: 未知, 视频编解码器: 未知, 音频编解码器: 未知
分类: 🏀体育频道, 名称: 快乐垂钓, 有效: 5, IPv4: 60, IPv6: 0, 最小延迟: 53 ms, 最高速率: 99.20 M/s, 平均速率: 65.88 M/s, 最高分辨率: 1920x1080, 平均帧率: 未知, 视频编解码器: 未知, 音频编解码器: 未知
分类: 🏀体育频道, 名称: 魅力足球, 有效: 0, IPv4: 24, IPv6: 0, 最小延迟: 467 ms, 最高速率: 0.34 M/s, 平均速率: 0.00 M/s, 最高分辨率: None, 平均帧率: 未知, 视频编解码器: 未知, 音频编解码器: 未知
分类: 🏀体育频道, 名称: 天元围棋, 有效: 4, IPv4: 22, IPv6: 0, 最小延迟: 452 ms, 最高速率: 8.73 M/s, 平均速率: 6.72 M/s, 最高分辨率: 1920x1080, 平均帧率: 25.00, 视频编解码器: h264, 音频编解码器: aac
分类: 🏀体育频道, 名称: JJ斗地主, 有效: 0, IPv4: 10, IPv6: 0, 最小延迟: -1 ms, 最高速率: 0.00 M/s, 平均速率: 0.00 M/s, 最高分辨率: None, 平均帧率: 未知, 视频编解码器: 未知, 音频编解码器: 未知
分类: 🪁动画频道, 名称: 少儿动画, 有效: 0, IPv4: 14, IPv6: 0, 最小延迟: -1 ms, 最高速率: 0.00 M/s, 平均速率: 0.00 M/s, 最高分辨率: 1920x1080, 平均帧率: 未知, 视频编解码器: 未知, 音频编解码器: 未知
分类: 🪁动画频道, 名称: 海绵宝宝, 有效: 0, IPv4: 2, IPv6: 0, 最小延迟: -1 ms, 最高速率: 0.00 M/s, 平均速率: 0.00 M/s, 最高分辨率: None, 平均帧率: 未知, 视频编解码器: 未知, 音频编解码器: 未知
分类: 🪁动画频道, 名称: 新动漫, 有效: 2, IPv4: 20, IPv6: 0, 最小延迟: 41 ms, 最高速率: 117.10 M/s, 平均速率: 105.87 M/s, 最高分辨率: 1920x1080, 平均帧率: 未知, 视频编解码器: 未知, 音频编解码器: 未知
分类: 🎵音乐频道, 名称: 音乐调频广播, 有效: 0, IPv4: 1, IPv6: 0, 最小延迟: -1 ms, 最高速率: 0.00 M/s, 平均速率: 0.00 M/s, 最高分辨率: None, 平均帧率: 未知, 视频编解码器: 未知, 音频编解码器: 未知
分类: 🎵音乐频道, 名称: 潮流音乐, 有效: 0, IPv4: 1, IPv6: 0, 最小延迟: 539 ms, 最高速率: 0.41 M/s, 平均速率: 0.00 M/s, 最高分辨率: None, 平均帧率: 未知, 视频编解码器: 未知, 音频编解码器: mp3
分类: 🪁动画频道, 名称: 宝宝动画, 有效: 0, IPv4: 2, IPv6: 0, 最小延迟: 515 ms, 最高速率: 0.36 M/s, 平均速率: 0.00 M/s, 最高分辨率: 1920x1080, 平均帧率: 25.00, 视频编解码器: h264, 音频编解码器: aac
分类: 🪁动画频道, 名称: 爱动漫, 有效: 0, IPv4: 9, IPv6: 0, 最小延迟: 518 ms, 最高速率: 0.00 M/s, 平均速率: 0.00 M/s, 最高分辨率: None, 平均帧率: 未知, 视频编解码器: 未知, 音频编解码器: 未知
分类: 🪁动画频道, 名称: 金鹰卡通, 有效: 5, IPv4: 111, IPv6: 0, 最小延迟: 43 ms, 最高速率: 113.84 M/s, 平均速率: 70.54 M/s, 最高分辨率: 1920x1080, 平均帧率: 25.00, 视频编解码器: h264, 音频编解码器: mp2
分类: 🏛经典剧场, 名称: 水浒传, 有效: 3, IPv4: 5, IPv6: 0, 最小延迟: 77 ms, 最高速率: 7.05 M/s, 平均速率: 6.57 M/s, 最高分辨率: 1920x1080, 平均帧率: 未知, 视频编解码器: 未知, 音频编解码器: 未知
分类: 🏛经典剧场, 名称: 闯关东, 有效: 1, IPv4: 1, IPv6: 0, 最小延迟: 740 ms, 最高速率: 6.01 M/s, 平均速率: 6.01 M/s, 最高分辨率: 1920x1080, 平均帧率: 未知, 视频编解码器: 未知, 音频编解码器: 未知
分类: 🪁动画频道, 名称: 七龙珠, 有效: 0, IPv4: 2, IPv6: 0, 最小延迟: -1 ms, 最高速率: 0.00 M/s, 平均速率: 0.00 M/s, 最高分辨率: None, 平均帧率: 未知, 视频编解码器: 未知, 音频编解码器: 未知
分类: 🪁动画频道, 名称: 火影忍者, 有效: 0, IPv4: 2, IPv6: 0, 最小延迟: -1 ms, 最高速率: 0.00 M/s, 平均速率: 0.00 M/s, 最高分辨率: None, 平均帧率: 未知, 视频编解码器: 未知, 音频编解码器: 未知
分类: 🪁动画频道, 名称: 河北少儿科教, 有效: 0, IPv4: 2, IPv6: 0, 最小延迟: 481 ms, 最高速率: 0.82 M/s, 平均速率: 0.00 M/s, 最高分辨率: None, 平均帧率: 未知, 视频编解码器: 未知, 音频编解码器: 未知
分类: 🪁动画频道, 名称: 中华小当家, 有效: 0, IPv4: 2, IPv6: 0, 最小延迟: 374 ms, 最高速率: 0.00 M/s, 平均速率: 0.00 M/s, 最高分辨率: None, 平均帧率: 未知, 视频编解码器: 未知, 音频编解码器: 未知
分类: 🎮游戏频道, 名称: 电竞天堂, 有效: 0, IPv4: 2, IPv6: 0, 最小延迟: 509 ms, 最高速率: 0.34 M/s, 平均速率: 0.00 M/s, 最高分辨率: 1920x1080, 平均帧率: 25.00, 视频编解码器: h264, 音频编解码器: aac
分类: 🪁动画频道, 名称: 蜡笔小新, 有效: 0, IPv4: 2, IPv6: 0, 最小延迟: -1 ms, 最高速率: 0.00 M/s, 平均速率: 0.00 M/s, 最高分辨率: None, 平均帧率: 未知, 视频编解码器: 未知, 音频编解码器: 未知
分类: 🪁动画频道, 名称: 猫和老鼠, 有效: 1, IPv4: 3, IPv6: 0, 最小延迟: 216 ms, 最高速率: 2.27 M/s, 平均速率: 2.27 M/s, 最高分辨率: 1280x720, 平均帧率: 未知, 视频编解码器: 未知, 音频编解码器: 未知
分类: 🎮游戏频道, 名称: 游戏竞技, 有效: 0, IPv4: 1, IPv6: 0, 最小延迟: -1 ms, 最高速率: 0.00 M/s, 平均速率: 0.00 M/s, 最高分辨率: None, 平均帧率: 未知, 视频编解码器: 未知, 音频编解码器: 未知
分类: 🎮游戏频道, 名称: 电竞游戏, 有效: 0, IPv4: 1, IPv6: 0, 最小延迟: -1 ms, 最高速率: 0.00 M/s, 平均速率: 0.00 M/s, 最高分辨率: None, 平均帧率: 未知, 视频编解码器: 未知, 音频编解码器: 未知
分类: 🎮游戏频道, 名称: 游戏风云, 有效: 5, IPv4: 19, IPv6: 0, 最小延迟: 66 ms, 最高速率: 82.59 M/s, 平均速率: 62.56 M/s, 最高分辨率: 1920x1080, 平均帧率: 25.00, 视频编解码器: h264, 音频编解码器: aac
分类: 🎵音乐频道, 名称: 音乐现场, 有效: 0, IPv4: 2, IPv6: 0, 最小延迟: 76 ms, 最高速率: 1.58 M/s, 平均速率: 0.00 M/s, 最高分辨率: None, 平均帧率: 未知, 视频编解码器: 未知, 音频编解码器: aac
分类: 🎵音乐频道, 名称: 音乐广播, 有效: 0, IPv4: 1, IPv6: 0, 最小延迟: -1 ms, 最高速率: 0.00 M/s, 平均速率: 0.00 M/s, 最高分辨率: None, 平均帧率: 未知, 视频编解码器: 未知, 音频编解码器: 未知
分类: 🏛经典剧场, 名称: 笑傲江湖, 有效: 0, IPv4: 5, IPv6: 0, 最小延迟: -1 ms, 最高速率: 0.00 M/s, 平均速率: 0.00 M/s, 最高分辨率: None, 平均帧率: 未知, 视频编解码器: 未知, 音频编解码器: 未知
分类: 🏛经典剧场, 名称: 天龙八部, 有效: 0, IPv4: 5, IPv6: 0, 最小延迟: -1 ms, 最高速率: 0.00 M/s, 平均速率: 0.00 M/s, 最高分辨率: None, 平均帧率: 未知, 视频编解码器: 未知, 音频编解码器: 未知
分类: 🏛经典剧场, 名称: 鹿鼎记, 有效: 0, IPv4: 2, IPv6: 0, 最小延迟: -1 ms, 最高速率: 0.00 M/s, 平均速率: 0.00 M/s, 最高分辨率: None, 平均帧率: 未知, 视频编解码器: 未知, 音频编解码器: 未知
分类: 🏛经典剧场, 名称: 仙剑奇侠传, 有效: 0, IPv4: 1, IPv6: 0, 最小延迟: -1 ms, 最高速率: 0.00 M/s, 平均速率: 0.00 M/s, 最高分辨率: None, 平均帧率: 未知, 视频编解码器: 未知, 音频编解码器: 未知
分类: 🏛经典剧场, 名称: 西游记, 有效: 1, IPv4: 7, IPv6: 0, 最小延迟: 1190 ms, 最高速率: 3.20 M/s, 平均速率: 3.20 M/s, 最高分辨率: 1920x1080, 平均帧率: 未知, 视频编解码器: 未知, 音频编解码器: 未知
分类: 🏛经典剧场, 名称: 三国演义, 有效: 0, IPv4: 1, IPv6: 0, 最小延迟: -1 ms, 最高速率: 0.00 M/s, 平均速率: 0.00 M/s, 最高分辨率: None, 平均帧率: 未知, 视频编解码器: 未知, 音频编解码器: 未知
分类: 🏛经典剧场, 名称: 新白娘子传奇, 有效: 0, IPv4: 2, IPv6: 0, 最小延迟: 615 ms, 最高速率: 0.15 M/s, 平均速率: 0.00 M/s, 最高分辨率: 800x600, 平均帧率: 24.00, 视频编解码器: h264, 音频编解码器: aac
分类: 🏛经典剧场, 名称: 封神榜, 有效: 1, IPv4: 4, IPv6: 0, 最小延迟: 94 ms, 最高速率: 6.14 M/s, 平均速率: 6.14 M/s, 最高分辨率: 1920x1080, 平均帧率: 24.00, 视频编解码器: h264, 音频编解码器: aac
分类: 🏛经典剧场, 名称: 射雕英雄传, 有效: 0, IPv4: 2, IPv6: 0, 最小延迟: -1 ms, 最高速率: 0.00 M/s, 平均速率: 0.00 M/s, 最高分辨率: None, 平均帧率: 未知, 视频编解码器: 未知, 音频编解码器: 未知
